symbol,years_with_dividend,total_years_found,latest_dividend_date,oldest_dividend_date,raw_dividend_count,required_years,missing_years,is_consistent_10y,company_name_en,market,industry,sector,dividend_yield_pct,dividend_rate,last_price,payout_ratio
FE,"[2015, 2016, 2017, 2018, 2019, 2020, 2021, 2022, 2023, 2024, 2025, 2026]",12,2026-05-08,2015-05-08,12,"[2017, 2018, 2019, 2020, 2021, 2022, 2023, 2024, 2025, 2026]",[],True,FAR EAST FAME LINE PUBLIC COMPANY LIMITED,SET,Services,Media & Publishing,5.23,0.0,162.5,106.67
FPI,"[2014, 2015, 2016, 2017, 2018, 2019, 2020, 2021, 2022, 2023, 2024, 2025, 2026]",13,2026-05-05,2014-08-21,23,"[2017, 2018, 2019, 2020, 2021, 2022, 2023, 2024, 2025, 2026]",[],True,FORTUNE PARTS INDUSTRY PUBLIC COMPANY LIMITED,mai,Industrial,,4.97,0.08,1.61,45.98
FSMART,"[2015, 2016, 2017, 2018, 2019, 2020, 2021, 2022, 2023, 2024, 2025, 2026]",12,2026-03-11,2015-04-17,22,"[2017, 2018, 2019, 2020, 2021, 2022, 2023, 2024, 2025, 2026]",[],True,FORTH SMART SERVICE PUBLIC COMPANY LIMITED,mai,Services,,5.06,0.38,7.9,50.0
FTE,"[2017, 2018, 2019, 2020, 2021, 2022, 2023, 2024, 2025, 2026]",10,2026-05-05,2017-11-20,17,"[2017, 2018, 2019, 2020, 2021, 2022, 2023, 2024, 2025, 2026]",[],True,FIRETRADE ENGINEERING PUBLIC COMPANY LIMITED,SET,Industrials,Industrial Materials & Machinery,6.67,0.17,2.7,95.24
FTREIT,"[2015, 2016, 2017, 2018, 2019, 2020, 2021, 2022, 2023, 2024, 2025, 2026]",12,2026-05-28,2015-05-27,44,"[2017, 2018, 2019, 2020, 2021, 2022, 2023, 2024, 2025, 2026]",[],True,FRASERS PROPERTY THAILAND INDUSTRIAL FREEHOLD & LEASEHOLD REIT,SET,Property & Construction,Property Fund & REITs,6.14,0.065,12.7,77.8
GC,"[2014, 2015, 2016, 2017, 2018, 2019, 2020, 2021, 2022, 2023, 2024, 2025, 2026]",13,2026-04-09,2014-08-18,24,"[2017, 2018, 2019, 2020, 2021, 2022, 2023, 2024, 2025, 2026]",[],True,GLOBAL CONNECTIONS PUBLIC COMPANY LIMITED,SET,Industrials,Petrochemicals & Chemicals,8.54,0.41,5.15,76.47
GFPT,"[2015, 2016, 2017, 2018, 2019, 2020, 2021, 2022, 2023, 2024, 2025, 2026]",12,2026-03-04,2015-03-06,12,"[2017, 2018, 2019, 2020, 2021, 2022, 2023, 2024, 2025, 2026]",[],True,GFPT PUBLIC COMPANY LIMITED,SET,Agro & Food Industry,Agribusiness,2.09,0.0,9.55,10.81
GLOBAL,"[2015, 2016, 2017, 2018, 2019, 2020, 2021, 2022, 2023, 2024, 2025, 2026]",12,2026-02-24,2015-03-19,12,"[2017, 2018, 2019, 2020, 2021, 2022, 2023, 2024, 2025, 2026]",[],True,SIAM GLOBAL HOUSE PUBLIC COMPANY LIMITED,SET,Services,Commerce,2.54,0.0,7.25,50.68
GPSC,"[2015, 2016, 2017, 2018, 2019, 2020, 2021, 2022, 2023, 2024, 2025, 2026]",12,2026-02-25,2015-08-25,22,"[2017, 2018, 2019, 2020, 2021, 2022, 2023, 2024, 2025, 2026]",[],True,GLOBAL POWER SYNERGY PUBLIC COMPANY LIMITED,SET,Resources,Energy & Utilities,3.52,1.45,54.0,58.47
GUNKUL,"[2015, 2016, 2017, 2018, 2019, 2020, 2021, 2022, 2023, 2024, 2025, 2026]",12,2026-05-22,2015-04-21,16,"[2017, 2018, 2019, 2020, 2021, 2022, 2023, 2024, 2025, 2026]",[],True,GUNKUL ENGINEERING PUBLIC COMPANY LIMITED,SET,Resources,Energy & Utilities,4.31,0.14,5.1,54.55
GVREIT,"[2016, 2017, 2018, 2019, 2020, 2021, 2022, 2023, 2024, 2025, 2026]",11,2026-05-26,2016-08-18,40,"[2017, 2018, 2019, 2020, 2021, 2022, 2023, 2024, 2025, 2026]",[],True,GOLDEN VENTURES LEASEHOLD REAL ESTATE INVESTMENT TRUST,SET,Property & Construction,Property Fund & REITs,9.55,0.752,8.15,480.23
HANA,"[2014, 2015, 2016, 2017, 2018, 2019, 2020, 2021, 2022, 2023, 2024, 2025, 2026]",13,2026-03-16,2014-11-25,24,"[2017, 2018, 2019, 2020, 2021, 2022, 2023, 2024, 2025, 2026]",[],True,HANA MICROELECTRONICS PUBLIC COMPANY LIMITED,SET,Technology,Electronic Components,2.68,1.0,37.25,294.12
HARN,"[2015, 2016, 2017, 2018, 2019, 2020, 2021, 2022, 2023, 2024, 2025, 2026]",12,2026-05-07,2015-04-30,12,"[2017, 2018, 2019, 2020, 2021, 2022, 2023, 2024, 2025, 2026]",[],True,HARN ENGINEERING SOLUTIONS PUBLIC COMPANY LIMITED,mai,Industrial,,5.88,0.12,2.04,70.59
HMPRO,"[2014, 2015, 2016, 2017, 2018, 2019, 2020, 2021, 2022, 2023, 2024, 2025, 2026]",13,2026-04-22,2014-10-21,24,"[2017, 2018, 2019, 2020, 2021, 2022, 2023, 2024, 2025, 2026]",[],True,HOME PRODUCT CENTER PUBLIC COMPANY LIMITED,SET,Services,Commerce,6.72,0.22,6.55,84.44
HTC,"[2015, 2016, 2017, 2018, 2019, 2020, 2021, 2022, 2023, 2024, 2025, 2026]",12,2026-04-30,2015-03-25,22,"[2017, 2018, 2019, 2020, 2021, 2022, 2023, 2024, 2025, 2026]",[],True,HAAD THIP PUBLIC COMPANY LIMITED,SET,Agro & Food Industry,Food & Beverage,6.67,0.99,16.2,69.91
HTECH,"[2014, 2015, 2016, 2017, 2018, 2019, 2020, 2021, 2022, 2023, 2024, 2025, 2026]",13,2026-03-19,2014-08-26,24,"[2017, 2018, 2019, 2020, 2021, 2022, 2023, 2024, 2025, 2026]",[],True,HALCYON TECHNOLOGY PUBLIC COMPANY LIMITED,SET,Industrials,Industrial Materials & Machinery,5.21,0.17,3.84,163.07
ICC,"[2015, 2016, 2017, 2018, 2019, 2020, 2021, 2022, 2023, 2024, 2025, 2026]",12,2026-05-07,2015-05-06,12,"[2017, 2018, 2019, 2020, 2021, 2022, 2023, 2024, 2025, 2026]",[],True,I.C.C. INTERNATIONAL PUBLIC COMPANY LIMITED,SET,Services,Commerce,2.85,0.7,24.6,70.77
IFS,"[2015, 2016, 2017, 2018, 2019, 2020, 2021, 2022, 2023, 2024, 2025, 2026]",12,2026-03-04,2015-03-02,12,"[2017, 2018, 2019, 2020, 2021, 2022, 2023, 2024, 2025, 2026]",[],True,IFS CAPITAL (THAILAND) PUBLIC COMPANY LIMITED,SET,Financials,Finance & Securities,5.31,0.104,1.96,41.07
ILINK,"[2015, 2016, 2017, 2018, 2019, 2020, 2021, 2022, 2023, 2024, 2025, 2026]",12,2026-05-06,2015-05-06,12,"[2017, 2018, 2019, 2020, 2021, 2022, 2023, 2024, 2025, 2026]",[],True,INTERLINK COMMUNICATION PUBLIC COMPANY LIMITED,SET,Technology,Information & Communication Technology,6.08,0.31,5.1,60.0
IMPACT,"[2015, 2016, 2017, 2018, 2019, 2020, 2021, 2022, 2023, 2024, 2025, 2026]",12,2026-06-04,2015-02-24,42,"[2017, 2018, 2019, 2020, 2021, 2022, 2023, 2024, 2025, 2026]",[],True,IMPACT GROWTH REAL ESTATE INVESTMENT TRUST,SET,Property & Construction,Property Fund & REITs,5.43,0.69,12.7,84.34
IRC,"[2014, 2015, 2017, 2018, 2019, 2020, 2021, 2022, 2023, 2024, 2025, 2026]",12,2026-02-10,2014-12-08,12,"[2017, 2018, 2019, 2020, 2021, 2022, 2023, 2024, 2025, 2026]",[],True,INOUE RUBBER (THAILAND) PUBLIC COMPANY LIMITED,SET,Industrials,Automotive,4.14,0.493,11.9,39.13
IRPC,"[2015, 2016, 2017, 2018, 2019, 2020, 2021, 2022, 2023, 2024, 2025, 2026]",12,2026-03-02,2015-02-23,15,"[2017, 2018, 2019, 2020, 2021, 2022, 2023, 2024, 2025, 2026]",[],True,IRPC PUBLIC COMPANY LIMITED,SET,Resources,Energy & Utilities,0.46,0.01,2.16,3.57
IVL,"[2014, 2015, 2016, 2017, 2018, 2019, 2020, 2021, 2022, 2023, 2024, 2025, 2026]",13,2026-05-28,2014-08-20,39,"[2017, 2018, 2019, 2020, 2021, 2022, 2023, 2024, 2025, 2026]",[],True,INDORAMA VENTURES PUBLIC COMPANY LIMITED,SET,Industrials,Petrochemicals & Chemicals,2.9,0.525,24.1,39.09
JCT,"[2015, 2016, 2017, 2018, 2019, 2020, 2021, 2022, 2023, 2024, 2025, 2026]",12,2026-03-10,2015-03-11,12,"[2017, 2018, 2019, 2020, 2021, 2022, 2023, 2024, 2025, 2026]",[],True,JACK CHIA INDUSTRIES (THAILAND) PUBLIC COMPANY LIMITED,SET,Consumer Products,Personal Products & Pharmaceuticals,5.71,4.8,84.0,52.75
JMART,"[2014, 2015, 2016, 2017, 2018, 2019, 2020, 2021, 2022, 2023, 2024, 2025, 2026]",13,2026-05-27,2014-08-20,20,"[2017, 2018, 2019, 2020, 2021, 2022, 2023, 2024, 2025, 2026]",[],True,JAYMART GROUP HOLDINGS PUBLIC COMPANY LIMITED,SET,Technology,Information & Communication Technology,2.41,0.27,11.2,52.27
JMT,"[2014, 2015, 2016, 2017, 2018, 2019, 2020, 2021, 2022, 2023, 2024, 2025, 2026]",13,2026-03-02,2014-08-20,22,"[2017, 2018, 2019, 2020, 2021, 2022, 2023, 2024, 2025, 2026]",[],True,JMT NETWORK SERVICES PUBLIC COMPANY LIMITED,SET,Financials,Finance & Securities,7.11,0.67,12.1,103.08
JUBILE,"[2014, 2015, 2016, 2017, 2018, 2019, 2020, 2021, 2022, 2023, 2024, 2025, 2026]",13,2026-04-30,2014-08-25,24,"[2017, 2018, 2019, 2020, 2021, 2022, 2023, 2024, 2025, 2026]",[],True,JUBILEE ENTERPRISE PUBLIC COMPANY LIMITED,mai,Consumer Products,,3.81,0.24,7.35,37.5
KAMART,"[2014, 2015, 2016, 2017, 2018, 2019, 2020, 2021, 2022, 2023, 2024, 2025, 2026]",13,2026-05-27,2014-08-26,48,"[2017, 2018, 2019, 2020, 2021, 2022, 2023, 2024, 2025, 2026]",[],True,KARMARTS PUBLIC COMPANY LIMITED,SET,Services,Commerce,5.95,0.44,7.4,62.18
KBANK,"[2014, 2015, 2016, 2017, 2018, 2019, 2020, 2021, 2022, 2023, 2024, 2025, 2026]",13,2026-04-21,2014-09-09,24,"[2017, 2018, 2019, 2020, 2021, 2022, 2023, 2024, 2025, 2026]",[],True,KASIKORNBANK PUBLIC COMPANY LIMITED,SET,Financials,Banking,4.96,10.0,242.0,47.17
KCAR,"[2014, 2015, 2016, 2017, 2018, 2019, 2020, 2021, 2022, 2023, 2024, 2025, 2026]",13,2026-03-18,2014-08-25,24,"[2017, 2018, 2019, 2020, 2021, 2022, 2023, 2024, 2025, 2026]",[],True,KRUNGTHAI CAR RENT AND LEASE PUBLIC COMPANY LIMITED,SET,Financials,Finance & Securities,5.69,0.33,4.92,50.0
KCE,"[2014, 2015, 2016, 2017, 2018, 2019, 2020, 2021, 2022, 2023, 2024, 2025, 2026]",13,2026-03-23,2014-08-18,24,"[2017, 2018, 2019, 2020, 2021, 2022, 2023, 2024, 2025, 2026]",[],True,KCE ELECTRONICS PUBLIC COMPANY LIMITED,SET,Technology,Electronic Components,2.89,1.2,41.5,169.01
KGI,"[2015, 2016, 2017, 2018, 2019, 2020, 2021, 2022, 2023, 2024, 2025, 2026]",12,2026-04-20,2015-04-17,12,"[2017, 2018, 2019, 2020, 2021, 2022, 2023, 2024, 2025, 2026]",[],True,KGI SECURITIES (THAILAND) PUBLIC COMPANY LIMITED,SET,Financials,Finance & Securities,6.02,0.31,5.15,63.27
KIAT,"[2014, 2015, 2016, 2017, 2018, 2019, 2020, 2021, 2022, 2023, 2024, 2025, 2026]",13,2026-03-05,2014-08-19,25,"[2017, 2018, 2019, 2020, 2021, 2022, 2023, 2024, 2025, 2026]",[],True,KIATTANA TRANSPORT PUBLIC COMPANY LIMITED,SET,Services,Transportation & Logistics,6.25,0.02,0.32,217.39
KKP,"[2014, 2015, 2016, 2017, 2018, 2019, 2020, 2021, 2022, 2023, 2024, 2025, 2026]",13,2026-04-29,2014-09-09,23,"[2017, 2018, 2019, 2020, 2021, 2022, 2023, 2024, 2025, 2026]",[],True,KIATNAKIN PHATRA BANK PUBLIC COMPANY LIMITED,SET,Financials,Banking,4.75,4.2,120.0,51.27
KTB,"[2015, 2016, 2017, 2018, 2019, 2020, 2021, 2022, 2023, 2024, 2025, 2026]",12,2026-04-10,2015-04-21,13,"[2017, 2018, 2019, 2020, 2021, 2022, 2023, 2024, 2025, 2026]",[],True,KRUNG THAI BANK PUBLIC COMPANY LIMITED,SET,Financials,Banking,8.31,1.64,43.5,56.43
KTC,"[2015, 2016, 2017, 2018, 2019, 2020, 2021, 2022, 2023, 2024, 2025, 2026]",12,2026-04-10,2015-02-26,12,"[2017, 2018, 2019, 2020, 2021, 2022, 2023, 2024, 2025, 2026]",[],True,KRUNGTHAI CARD PUBLIC COMPANY LIMITED,SET,Financials,Finance & Securities,4.6,0.0,38.5,42.04
KWC,"[2015, 2016, 2017, 2018, 2019, 2020, 2021, 2022, 2023, 2024, 2025, 2026]",12,2026-04-17,2015-04-30,12,"[2017, 2018, 2019, 2020, 2021, 2022, 2023, 2024, 2025, 2026]",[],True,KRUNGDHEP SOPHON PUBLIC COMPANY LIMITED,SET,Services,Transportation & Logistics,4.11,11.5,280.0,75.57
LALIN,"[2014, 2015, 2016, 2017, 2018, 2019, 2020, 2021, 2022, 2023, 2024, 2025, 2026]",13,2026-03-17,2014-08-26,24,"[2017, 2018, 2019, 2020, 2021, 2022, 2023, 2024, 2025, 2026]",[],True,LALIN PROPERTY PUBLIC COMPANY LIMITED,SET,Property & Construction,Property Development,6.82,0.3,4.4,62.5
LANNA,"[2014, 2015, 2016, 2017, 2018, 2019, 2020, 2021, 2022, 2023, 2024, 2025, 2026]",13,2026-03-19,2014-10-30,24,"[2017, 2018, 2019, 2020, 2021, 2022, 2023, 2024, 2025, 2026]",[],True,THE LANNA RESOURCES PUBLIC COMPANY LIMITED,SET,Resources,Energy & Utilities,6.85,1.0,14.6,82.77
LEE,"[2015, 2016, 2017, 2018, 2019, 2020, 2021, 2022, 2023, 2024, 2025, 2026]",12,2026-03-26,2015-03-26,12,"[2017, 2018, 2019, 2020, 2021, 2022, 2023, 2024, 2025, 2026]",[],True,LEE FEED MILL PUBLIC COMPANY LIMITED,SET,Agro & Food Industry,Agribusiness,7.94,0.2,2.52,72.46
LH,"[2014, 2015, 2016, 2017, 2018, 2019, 2020, 2021, 2022, 2023, 2024, 2025, 2026]",13,2026-04-29,2014-08-27,24,"[2017, 2018, 2019, 2020, 2021, 2022, 2023, 2024, 2025, 2026]",[],True,LAND AND HOUSES PUBLIC COMPANY LIMITED,SET,Property & Construction,Property Development,6.35,0.0,3.78,100.0
LHFG,"[2015, 2016, 2017, 2018, 2019, 2020, 2021, 2022, 2023, 2024, 2025, 2026]",12,2026-04-27,2015-04-29,17,"[2017, 2018, 2019, 2020, 2021, 2022, 2023, 2024, 2025, 2026]",[],True,LH FINANCIAL GROUP PUBLIC COMPANY LIMITED,SET,Financials,Banking,7.2,0.05,1.25,26.85
LHK,"[2014, 2015, 2016, 2017, 2018, 2019, 2020, 2021, 2022, 2023, 2024, 2025, 2026]",13,2026-06-11,2014-11-24,24,"[2017, 2018, 2019, 2020, 2021, 2022, 2023, 2024, 2025, 2026]",[],True,LOHAKIT METAL PUBLIC COMPANY LIMITED,SET,Industrials,Steel and Metal Products,7.87,0.26,3.56,80.65
LHSC,"[2015, 2016, 2017, 2018, 2019, 2020, 2021, 2022, 2023, 2024, 2025, 2026]",12,2026-07-07,2015-03-09,59,"[2017, 2018, 2019, 2020, 2021, 2022, 2023, 2024, 2025, 2026]",[],True,LH SHOPPING CENTERS LEASEHOLD REAL ESTATE INVESTMENT TRUST,SET,Property & Construction,Property Fund & REITs,9.1,1.201,15.4,74.38
LPH,"[2016, 2017, 2018, 2019, 2020, 2021, 2022, 2023, 2024, 2025, 2026]",11,2026-04-27,2016-04-29,25,"[2017, 2018, 2019, 2020, 2021, 2022, 2023, 2024, 2025, 2026]",[],True,LADPRAO GENERAL HOSPITAL PUBLIC COMPANY LIMITED,SET,Services,Health Care Services,11.11,0.18,3.6,66.67
LPN,"[2014, 2015, 2016, 2017, 2018, 2019, 2020, 2021, 2022, 2023, 2024, 2025, 2026]",13,2026-03-11,2014-08-20,24,"[2017, 2018, 2019, 2020, 2021, 2022, 2023, 2024, 2025, 2026]",[],True,L.P.N. DEVELOPMENT PUBLIC COMPANY LIMITED,SET,Property & Construction,Property Development,6.37,0.0,1.6,500.0
LST,"[2015, 2016, 2017, 2018, 2019, 2020, 2021, 2022, 2023, 2024, 2025, 2026]",12,2026-03-09,2015-04-30,12,"[2017, 2018, 2019, 2020, 2021, 2022, 2023, 2024, 2025, 2026]",[],True,LAM SOON (THAILAND) PUBLIC COMPANY LIMITED,SET,Agro & Food Industry,Food & Beverage,4.6,0.2,4.78,32.35
MAJOR,"[2014, 2015, 2016, 2017, 2018, 2019, 2020, 2021, 2022, 2023, 2024, 2025, 2026]",13,2026-04-17,2014-08-21,19,"[2017, 2018, 2019, 2020, 2021, 2022, 2023, 2024, 2025, 2026]",[],True,MAJOR CINEPLEX GROUP PUBLIC COMPANY LIMITED,SET,Services,Media & Publishing,3.82,0.25,6.55,22.22
MC,"[2014, 2015, 2016, 2017, 2018, 2019, 2020, 2021, 2022, 2023, 2024, 2025, 2026]",13,2026-02-26,2014-08-27,24,"[2017, 2018, 2019, 2020, 2021, 2022, 2023, 2024, 2025, 2026]",[],True,MC GROUP PUBLIC COMPANY LIMITED,SET,Services,Commerce,8.81,0.3,11.8,100.91
MCS,"[2015, 2016, 2017, 2018, 2019, 2020, 2021, 2022, 2023, 2024, 2025, 2026]",12,2026-04-20,2015-04-03,22,"[2017, 2018, 2019, 2020, 2021, 2022, 2023, 2024, 2025, 2026]",[],True,M.C.S.STEEL PUBLIC COMPANY LIMITED,SET,Industrials,Steel and Metal Products,11.95,0.95,7.95,42.86
MEGA,"[2014, 2015, 2016, 2017, 2018, 2019, 2020, 2021, 2022, 2023, 2024, 2025, 2026]",13,2026-03-09,2014-08-26,24,"[2017, 2018, 2019, 2020, 2021, 2022, 2023, 2024, 2025, 2026]",[],True,MEGA LIFESCIENCES PUBLIC COMPANY LIMITED,SET,Services,Commerce,4.27,1.6,37.5,67.8
METCO,"[2015, 2016, 2017, 2018, 2019, 2020, 2021, 2022, 2023, 2024, 2025, 2026]",12,2026-02-05,2015-02-03,12,"[2017, 2018, 2019, 2020, 2021, 2022, 2023, 2024, 2025, 2026]",[],True,MURAMOTO ELECTRON (THAILAND) PUBLIC COMPANY LIMITED,SET,Technology,Electronic Components,9.87,30.0,304.0,54.75
MFC,"[2015, 2016, 2017, 2018, 2019, 2020, 2021, 2022, 2023, 2024, 2025, 2026]",12,2026-05-07,2015-04-27,12,"[2017, 2018, 2019, 2020, 2021, 2022, 2023, 2024, 2025, 2026]",[],True,MFC ASSET MANAGEMENT PUBLIC COMPANY LIMITED,SET,Financials,Finance & Securities,6.16,1.25,20.3,51.98
MFEC,"[2015, 2016, 2017, 2018, 2019, 2020, 2021, 2022, 2023, 2024, 2025, 2026]",12,2026-05-06,2015-04-27,12,"[2017, 2018, 2019, 2020, 2021, 2022, 2023, 2024, 2025, 2026]",[],True,MFEC PUBLIC COMPANY LIMITED,SET,Technology,Information & Communication Technology,8.26,0.5,6.05,89.34
MGT,"[2017, 2018, 2019, 2020, 2021, 2022, 2023, 2024, 2025, 2026]",10,2026-05-07,2017-03-09,19,"[2017, 2018, 2019, 2020, 2021, 2022, 2023, 2024, 2025, 2026]",[],True,MEGACHEM (THAILAND) PUBLIC COMPANY LIMITED,mai,Industrial,,4.43,0.085,1.92,34.62
MII,"[2014, 2015, 2016, 2017, 2018, 2019, 2020, 2021, 2022, 2023, 2024, 2025, 2026]",13,2026-06-04,2014-09-04,48,"[2017, 2018, 2019, 2020, 2021, 2022, 2023, 2024, 2025, 2026]",[],True,MFC Industrial Investment Freehold and Leasehold Real Estate Investment Trust,SET,Property & Construction,Property Fund & REITs,9.54,0.0,6.5,84.08
MIPF,"[2014, 2015, 2016, 2017, 2018, 2019, 2020, 2021, 2022, 2023, 2024, 2025, 2026]",13,2026-03-06,2014-08-26,24,"[2017, 2018, 2019, 2020, 2021, 2022, 2023, 2024, 2025, 2026]",[],True,MILLIONAIRE PROPERTY FUND,SET,Property & Construction,Property Fund & REITs,8.4,0.73,9.05,135.27
MNIT,"[2014, 2015, 2016, 2017, 2018, 2019, 2020, 2021, 2022, 2023, 2024, 2025, 2026]",13,2026-06-04,2014-08-26,40,"[2017, 2018, 2019, 2020, 2021, 2022, 2023, 2024, 2025, 2026]",[],True,MFC-NICHADA THANI PROPERTY FUND,SET,Property & Construction,Property Fund & REITs,6.97,0.0,1.95,86.66
MNIT2,"[2014, 2015, 2016, 2017, 2018, 2019, 2020, 2021, 2022, 2023, 2024, 2025, 2026]",13,2026-06-04,2014-08-26,47,"[2017, 2018, 2019, 2020, 2021, 2022, 2023, 2024, 2025, 2026]",[],True,NICHADA THANI PROPERTY FUND 2,SET,Property & Construction,Property Fund & REITs,,,,
MNRF,"[2014, 2015, 2017, 2018, 2019, 2020, 2021, 2022, 2023, 2024, 2025, 2026]",12,2026-06-04,2014-08-26,32,"[2017, 2018, 2019, 2020, 2021, 2022, 2023, 2024, 2025, 2026]",[],True,MULTI-NATIONAL RESIDENCE FUND,SET,Property & Construction,Property Fund & REITs,0.04,0.09,2.02,
MODERN,"[2014, 2015, 2016, 2017, 2018, 2019, 2020, 2021, 2022, 2023, 2024, 2025, 2026]",13,2026-04-21,2014-08-07,22,"[2017, 2018, 2019, 2020, 2021, 2022, 2023, 2024, 2025, 2026]",[],True,MODERNFORM GROUP PUBLIC COMPANY LIMITED,SET,Consumer Products,Home & Office Products,7.35,0.15,2.04,168.22
MOONG,"[2015, 2016, 2017, 2018, 2019, 2020, 2021, 2022, 2023, 2024, 2025, 2026]",12,2026-04-29,2015-05-08,14,"[2017, 2018, 2019, 2020, 2021, 2022, 2023, 2024, 2025, 2026]",[],True,MOONG PATTANA INTERNATIONAL PUBLIC COMPANY LIMITED,mai,Consumer Products,,9.66,0.23,2.38,98.05
MSC,"[2015, 2016, 2017, 2018, 2019, 2020, 2021, 2022, 2023, 2024, 2025, 2026]",12,2026-03-09,2015-03-10,12,"[2017, 2018, 2019, 2020, 2021, 2022, 2023, 2024, 2025, 2026]",[],True,METRO SYSTEMS CORPORATION PUBLIC COMPANY LIMITED,SET,Technology,Information & Communication Technology,5.93,0.35,5.9,92.45
MST,"[2014, 2015, 2016, 2017, 2018, 2019, 2020, 2021, 2022, 2023, 2024, 2025, 2026]",13,2026-03-10,2014-08-25,24,"[2017, 2018, 2019, 2020, 2021, 2022, 2023, 2024, 2025, 2026]",[],True,MAYBANK SECURITIES (THAILAND) PUBLIC COMPANY LIMITED,SET,Financials,Finance & Securities,3.39,0.17,8.55,61.7
MTC,"[2015, 2016, 2017, 2018, 2019, 2020, 2021, 2022, 2023, 2024, 2025, 2026]",12,2026-04-28,2015-04-27,12,"[2017, 2018, 2019, 2020, 2021, 2022, 2023, 2024, 2025, 2026]",[],True,MUANGTHAI CAPITAL PUBLIC COMPANY LIMITED,SET,Financials,Finance & Securities,0.85,0.29,34.25,7.6
MTI,"[2015, 2016, 2017, 2018, 2019, 2020, 2021, 2022, 2023, 2024, 2025, 2026]",12,2026-03-12,2015-03-09,12,"[2017, 2018, 2019, 2020, 2021, 2022, 2023, 2024, 2025, 2026]",[],True,MUANG THAI INSURANCE PUBLIC COMPANY LIMITED,SET,Financials,Insurance,4.53,0.81,17.9,46.02
NETBAY,"[2017, 2018, 2019, 2020, 2021, 2022, 2023, 2024, 2025, 2026]",10,2026-05-06,2017-04-28,11,"[2017, 2018, 2019, 2020, 2021, 2022, 2023, 2024, 2025, 2026]",[],True,NETBAY PUBLIC COMPANY LIMITED,mai,Technology,,9.02,1.2,13.3,137.33
NNCL,"[2017, 2018, 2019, 2020, 2021, 2022, 2023, 2024, 2025, 2026]",10,2026-05-07,2017-05-04,15,"[2017, 2018, 2019, 2020, 2021, 2022, 2023, 2024, 2025, 2026]",[],True,NAVANAKORN PUBLIC COMPANY LIMITED,SET,Property & Construction,Property Development,6.86,0.0,1.75,78.57
NTV,"[2015, 2016, 2017, 2018, 2019, 2020, 2021, 2022, 2023, 2024, 2025, 2026]",12,2026-03-19,2015-03-19,12,"[2017, 2018, 2019, 2020, 2021, 2022, 2023, 2024, 2025, 2026]",[],True,NONTHAVEJ HOSPITAL PUBLIC COMPANY LIMITED,SET,Services,Health Care Services,5.47,1.04,19.0,67.97
NYT,"[2015, 2016, 2017, 2018, 2019, 2020, 2021, 2022, 2023, 2024, 2025, 2026]",12,2026-05-05,2015-03-09,12,"[2017, 2018, 2019, 2020, 2021, 2022, 2023, 2024, 2025, 2026]",[],True,NAMYONG TERMINAL PUBLIC COMPANY LIMITED,SET,Services,Transportation & Logistics,12.38,0.5,4.04,80.77
OCC,"[2015, 2016, 2017, 2018, 2019, 2020, 2021, 2022, 2023, 2024, 2025, 2026]",12,2026-05-07,2015-05-07,13,"[2017, 2018, 2019, 2020, 2021, 2022, 2023, 2024, 2025, 2026]",[],True,O.C.C. PUBLIC COMPANY LIMITED,SET,Consumer Products,Personal Products & Pharmaceuticals,0.5,0.05,10.0,74.91
ORI,"[2016, 2017, 2018, 2019, 2020, 2021, 2022, 2023, 2024, 2025, 2026]",11,2026-05-11,2016-03-08,22,"[2017, 2018, 2019, 2020, 2021, 2022, 2023, 2024, 2025, 2026]",[],True,ORIGIN PROPERTY PUBLIC COMPANY LIMITED,SET,Property & Construction,Property Development,3.47,0.07,2.02,7.24
PATO,"[2015, 2016, 2017, 2018, 2019, 2020, 2021, 2022, 2023, 2024, 2025, 2026]",12,2026-03-19,2015-03-16,12,"[2017, 2018, 2019, 2020, 2021, 2022, 2023, 2024, 2025, 2026]",[],True,PATO CHEMICAL INDUSTRY PUBLIC COMPANY LIMITED,SET,Industrials,Petrochemicals & Chemicals,7.38,0.45,6.1,102.27
PB,"[2014, 2015, 2016, 2017, 2018, 2019, 2020, 2021, 2022, 2023, 2024, 2025, 2026]",13,2026-05-11,2014-09-01,24,"[2017, 2018, 2019, 2020, 2021, 2022, 2023, 2024, 2025, 2026]",[],True,PRESIDENT BAKERY PUBLIC COMPANY LIMITED,SET,Agro & Food Industry,Food & Beverage,3.13,1.5,48.0,63.94
PCSGH,"[2014, 2015, 2016, 2017, 2018, 2019, 2020, 2021, 2022, 2023, 2024, 2025, 2026]",13,2026-05-07,2014-08-26,23,"[2017, 2018, 2019, 2020, 2021, 2022, 2023, 2024, 2025, 2026]",[],True,P.C.S. MACHINE GROUP HOLDING PUBLIC COMPANY LIMITED,SET,Industrials,Automotive,8.77,0.27,3.08,89.29
PDG,"[2014, 2015, 2016, 2017, 2018, 2019, 2020, 2021, 2022, 2023, 2024, 2025, 2026]",13,2026-03-19,2014-08-21,24,"[2017, 2018, 2019, 2020, 2021, 2022, 2023, 2024, 2025, 2026]",[],True,PRODIGY PUBLIC COMPANY LIMITED,mai,Industrial,,10.63,0.28,3.2,107.92
PIMO,"[2016, 2017, 2018, 2019, 2020, 2021, 2022, 2023, 2024, 2025, 2026]",11,2026-04-30,2016-05-03,17,"[2017, 2018, 2019, 2020, 2021, 2022, 2023, 2024, 2025, 2026]",[],True,PIONEER MOTOR PUBLIC COMPANY LIMITED,mai,Industrial,,4.15,0.049,1.18,65.0
PM,"[2014, 2015, 2016, 2017, 2018, 2019, 2020, 2021, 2022, 2023, 2024, 2025, 2026]",13,2026-03-04,2014-08-20,24,"[2017, 2018, 2019, 2020, 2021, 2022, 2023, 2024, 2025, 2026]",[],True,PREMIER MARKETING PUBLIC COMPANY LIMITED,SET,Agro & Food Industry,Food & Beverage,7.75,0.93,11.1,94.9
PPM,"[2015, 2016, 2017, 2018, 2019, 2020, 2021, 2022, 2023, 2024, 2025, 2026]",12,2026-05-11,2015-04-30,12,"[2017, 2018, 2019, 2020, 2021, 2022, 2023, 2024, 2025, 2026]",[],True,PORN PROM METAL PUBLIC COMPANY LIMITED,mai,Industrial,,2.45,0.05,2.04,16.97
PRAKIT,"[2015, 2016, 2017, 2018, 2019, 2020, 2021, 2022, 2023, 2024, 2025, 2026]",12,2026-05-06,2015-04-28,12,"[2017, 2018, 2019, 2020, 2021, 2022, 2023, 2024, 2025, 2026]",[],True,PRAKIT HOLDINGS PUBLIC COMPANY LIMITED,SET,Services,Media & Publishing,9.0,0.0,10.0,25.91
PREB,"[2015, 2016, 2017, 2018, 2019, 2020, 2021, 2022, 2023, 2024, 2025, 2026]",12,2026-04-30,2015-05-07,14,"[2017, 2018, 2019, 2020, 2021, 2022, 2023, 2024, 2025, 2026]",[],True,PRE-BUILT PUBLIC COMPANY LIMITED,SET,Property & Construction,Construction Services,5.65,0.2,3.54,28.09
PSH,"[2017, 2018, 2019, 2020, 2021, 2022, 2023, 2024, 2025, 2026]",10,2026-03-12,2017-05-24,19,"[2017, 2018, 2019, 2020, 2021, 2022, 2023, 2024, 2025, 2026]",[],True,PRUKSA HOLDING PUBLIC COMPANY LIMITED,SET,Property & Construction,Property Development,4.59,0.11,3.92,262.5
PT,"[2014, 2015, 2016, 2017, 2018, 2019, 2020, 2021, 2022, 2023, 2024, 2025, 2026]",13,2026-03-04,2014-08-15,24,"[2017, 2018, 2019, 2020, 2021, 2022, 2023, 2024, 2025, 2026]",[],True,PREMIER TECHNOLOGY PUBLIC COMPANY LIMITED,SET,Technology,Information & Communication Technology,8.7,1.0,11.5,109.9
PTG,"[2015, 2016, 2017, 2018, 2019, 2020, 2021, 2022, 2023, 2024, 2025, 2026]",12,2026-03-10,2015-03-09,16,"[2017, 2018, 2019, 2020, 2021, 2022, 2023, 2024, 2025, 2026]",[],True,PTG ENERGY PUBLIC COMPANY LIMITED,SET,Resources,Energy & Utilities,4.64,0.35,7.55,92.83
PTT,"[2014, 2015, 2016, 2017, 2018, 2019, 2020, 2021, 2022, 2023, 2024, 2025, 2026]",13,2026-03-05,2014-09-15,24,"[2017, 2018, 2019, 2020, 2021, 2022, 2023, 2024, 2025, 2026]",[],True,PTT PUBLIC COMPANY LIMITED,SET,Resources,Energy & Utilities,5.38,2.1,39.0,64.62
PTTEP,"[2014, 2015, 2016, 2017, 2018, 2019, 2020, 2021, 2022, 2023, 2024, 2025, 2026]",13,2026-02-23,2014-08-05,24,"[2017, 2018, 2019, 2020, 2021, 2022, 2023, 2024, 2025, 2026]",[],True,PTT EXPLORATION AND PRODUCTION PUBLIC COMPANY LIMITED,SET,Resources,Energy & Utilities,5.83,0.277,150.0,62.54
PTTGC,"[2014, 2015, 2016, 2017, 2018, 2019, 2020, 2021, 2022, 2023, 2024, 2025, 2026]",13,2026-02-24,2014-08-27,20,"[2017, 2018, 2019, 2020, 2021, 2022, 2023, 2024, 2025, 2026]",[],True,PTT GLOBAL CHEMICAL PUBLIC COMPANY LIMITED,SET,Industrials,Petrochemicals & Chemicals,1.3,0.5,38.5,43.86
PYLON,"[2015, 2016, 2017, 2018, 2019, 2020, 2021, 2022, 2023, 2024, 2025, 2026]",12,2026-03-17,2015-03-17,15,"[2017, 2018, 2019, 2020, 2021, 2022, 2023, 2024, 2025, 2026]",[],True,PYLON PUBLIC COMPANY LIMITED,SET,Property & Construction,Construction Services,6.59,0.24,3.64,66.68
QH,"[2014, 2015, 2016, 2017, 2018, 2019, 2020, 2021, 2022, 2023, 2024, 2025, 2026]",13,2026-04-27,2014-09-01,24,"[2017, 2018, 2019, 2020, 2021, 2022, 2023, 2024, 2025, 2026]",[],True,QUALITY HOUSES PUBLIC COMPANY LIMITED,SET,Property & Construction,Property Development,10.07,0.09,1.39,60.34
RAM,"[2014, 2015, 2016, 2017, 2018, 2019, 2020, 2021, 2022, 2023, 2024, 2025, 2026]",13,2026-03-25,2014-10-28,35,"[2017, 2018, 2019, 2020, 2021, 2022, 2023, 2024, 2025, 2026]",[],True,RAMKHAMHAENG HOSPITAL PUBLIC COMPANY LIMITED,SET,Services,Health Care Services,0.56,0.1,17.9,4.46
RATCH,"[2014, 2015, 2016, 2017, 2018, 2019, 2020, 2021, 2022, 2023, 2024, 2025, 2026]",13,2026-03-12,2014-08-29,24,"[2017, 2018, 2019, 2020, 2021, 2022, 2023, 2024, 2025, 2026]",[],True,RATCH GROUP PUBLIC COMPANY LIMITED,SET,Resources,Energy & Utilities,4.13,1.6,38.75,55.94
RJH,"[2016, 2017, 2018, 2019, 2020, 2021, 2022, 2023, 2024, 2025, 2026]",11,2026-03-10,2016-10-28,25,"[2017, 2018, 2019, 2020, 2021, 2022, 2023, 2024, 2025, 2026]",[],True,RAJTHANEE HOSPITAL PUBLIC COMPANY LIMITED,SET,Services,Health Care Services,3.95,0.6,15.2,54.05
ROJNA,"[2015, 2016, 2017, 2018, 2019, 2020, 2021, 2022, 2023, 2024, 2025, 2026]",12,2026-04-30,2015-04-27,16,"[2017, 2018, 2019, 2020, 2021, 2022, 2023, 2024, 2025, 2026]",[],True,ROJANA INDUSTRIAL PARK PUBLIC COMPANY LIMITED,SET,Property & Construction,Property Development,8.26,0.5,6.05,38.52
RPH,"[2017, 2018, 2019, 2020, 2021, 2022, 2023, 2024, 2025, 2026]",10,2026-04-29,2017-05-03,19,"[2017, 2018, 2019, 2020, 2021, 2022, 2023, 2024, 2025, 2026]",[],True,RATCHAPHRUEK HOSPITAL PUBLIC COMPANY LIMITED,SET,Services,Health Care Services,5.62,0.28,4.98,87.5
SABINA,"[2014, 2015, 2016, 2017, 2018, 2019, 2020, 2021, 2022, 2023, 2024, 2025, 2026]",13,2026-04-30,2014-08-26,24,"[2017, 2018, 2019, 2020, 2021, 2022, 2023, 2024, 2025, 2026]",[],True,SABINA PUBLIC COMPANY LIMITED,SET,Consumer Products,Fashion,7.59,1.18,15.8,104.24
SAPPE,"[2015, 2016, 2017, 2018, 2019, 2020, 2021, 2022, 2023, 2024, 2025, 2026]",12,2026-04-29,2015-04-29,12,"[2017, 2018, 2019, 2020, 2021, 2022, 2023, 2024, 2025, 2026]",[],True,SAPPE PUBLIC COMPANY LIMITED,SET,Agro & Food Industry,Food & Beverage,5.11,1.75,34.25,94.14
SAT,"[2014, 2015, 2016, 2017, 2018, 2019, 2020, 2021, 2022, 2023, 2024, 2025, 2026]",13,2026-03-05,2014-08-20,24,"[2017, 2018, 2019, 2020, 2021, 2022, 2023, 2024, 2025, 2026]",[],True,SOMBOON ADVANCE TECHNOLOGY PUBLIC COMPANY LIMITED,SET,Industrials,Automotive,9.88,1.6,16.2,90.22
SAUCE,"[2015, 2016, 2017, 2018, 2019, 2020, 2021, 2022, 2023, 2024, 2025, 2026]",12,2026-04-30,2015-04-29,12,"[2017, 2018, 2019, 2020, 2021, 2022, 2023, 2024, 2025, 2026]",[],True,THAITHEPAROS PUBLIC COMPANY LIMITED,SET,Agro & Food Industry,Food & Beverage,4.41,1.81,41.0,81.74
SAWAD,"[2015, 2016, 2017, 2018, 2019, 2020, 2021, 2022, 2023, 2024, 2025, 2026]",12,2026-05-07,2015-04-29,13,"[2017, 2018, 2019, 2020, 2021, 2022, 2023, 2024, 2025, 2026]",[],True,SRISAWAD CORPORATION PUBLIC COMPANY LIMITED,SET,Financials,Finance & Securities,2.96,0.7,25.0,12.3
SC,"[2015, 2016, 2017, 2018, 2019, 2020, 2021, 2022, 2023, 2024, 2025, 2026]",12,2026-05-07,2015-04-30,16,"[2017, 2018, 2019, 2020, 2021, 2022, 2023, 2024, 2025, 2026]",[],True,SC ASSET CORPORATION PUBLIC COMPANY LIMITED,SET,Property & Construction,Property Development,7.54,0.15,1.99,44.42
SCC,"[2014, 2015, 2016, 2017, 2018, 2019, 2020, 2021, 2022, 2023, 2024, 2025, 2026]",13,2026-04-01,2014-08-07,24,"[2017, 2018, 2019, 2020, 2021, 2022, 2023, 2024, 2025, 2026]",[],True,THE SIAM CEMENT PUBLIC COMPANY LIMITED,SET,Property & Construction,Construction Materials,2.76,6.0,254.0,31.25
SCCC,"[2015, 2016, 2017, 2018, 2019, 2020, 2021, 2022, 2023, 2024, 2025, 2026]",12,2026-03-05,2015-04-17,19,"[2017, 2018, 2019, 2020, 2021, 2022, 2023, 2024, 2025, 2026]",[],True,SIAM CITY CEMENT PUBLIC COMPANY LIMITED,SET,Property & Construction,Construction Materials,7.38,11.0,149.0,85.27
SCP,"[2014, 2015, 2016, 2017, 2018, 2019, 2020, 2021, 2022, 2023, 2024, 2025, 2026]",13,2026-03-12,2014-08-25,13,"[2017, 2018, 2019, 2020, 2021, 2022, 2023, 2024, 2025, 2026]",[],True,SOUTHERN CONCRETE PILE PUBLIC COMPANY LIMITED,SET,Property & Construction,Construction Materials,11.05,1.0,9.05,90.91
SE,"[2017, 2018, 2019, 2020, 2021, 2022, 2023, 2024, 2025, 2026]",10,2026-03-11,2017-03-07,10,"[2017, 2018, 2019, 2020, 2021, 2022, 2023, 2024, 2025, 2026]",[],True,SIAMEAST SOLUTIONS PUBLIC COMPANY LIMITED,SET,Industrials,Industrial Materials & Machinery,5.3,0.026,0.5,44.6
SELIC,"[2017, 2018, 2019, 2020, 2021, 2022, 2023, 2024, 2025, 2026]",10,2026-05-06,2017-04-17,10,"[2017, 2018, 2019, 2020, 2021, 2022, 2023, 2024, 2025, 2026]",[],True,SELIC CORP PUBLIC COMPANY LIMITED,SET,Industrials,Industrial Materials & Machinery,1.29,0.034,2.74,13.92
SENA,"[2014, 2015, 2016, 2017, 2018, 2019, 2020, 2021, 2022, 2023, 2024, 2025, 2026]",13,2026-05-13,2014-10-01,20,"[2017, 2018, 2019, 2020, 2021, 2022, 2023, 2024, 2025, 2026]",[],True,SENADEVELOPMENT PUBLIC COMPANY LIMITED,SET,Property & Construction,Property Development,7.64,0.138,1.81,61.02
SGP,"[2014, 2015, 2016, 2017, 2018, 2019, 2020, 2021, 2022, 2023, 2024, 2025, 2026]",13,2026-03-11,2014-08-20,24,"[2017, 2018, 2019, 2020, 2021, 2022, 2023, 2024, 2025, 2026]",[],True,SIAMGAS AND PETROCHEMICALS PUBLIC COMPANY LIMITED,SET,Resources,Energy & Utilities,2.44,0.2,8.2,26.32
SIRI,"[2015, 2016, 2017, 2018, 2019, 2020, 2021, 2022, 2023, 2024, 2025, 2026]",12,2026-03-17,2015-03-13,20,"[2017, 2018, 2019, 2020, 2021, 2022, 2023, 2024, 2025, 2026]",[],True,SANSIRI PUBLIC COMPANY LIMITED,SET,Property & Construction,Property Development,10.6,0.13,1.51,53.94
SIS,"[2015, 2016, 2017, 2018, 2019, 2020, 2021, 2022, 2023, 2024, 2025, 2026]",12,2026-03-06,2015-04-29,12,"[2017, 2018, 2019, 2020, 2021, 2022, 2023, 2024, 2025, 2026]",[],True,SIS DISTRIBUTION (THAILAND) PUBLIC COMPANY LIMITED,SET,Technology,Information & Communication Technology,4.74,1.22,25.75,45.86
SKR,"[2015, 2016, 2017, 2018, 2019, 2020, 2021, 2022, 2023, 2024, 2025, 2026]",12,2026-04-29,2015-03-24,16,"[2017, 2018, 2019, 2020, 2021, 2022, 2023, 2024, 2025, 2026]",[],True,SIKARIN PUBLIC COMPANY LIMITED,SET,Services,Health Care Services,3.13,0.25,8.0,60.61
SMIT,"[2014, 2015, 2016, 2017, 2018, 2019, 2020, 2021, 2022, 2023, 2024, 2025, 2026]",13,2026-04-20,2014-08-20,24,"[2017, 2018, 2019, 2020, 2021, 2022, 2023, 2024, 2025, 2026]",[],True,SAHAMIT MACHINERY PUBLIC COMPANY LIMITED,SET,Industrials,Steel and Metal Products,6.63,0.24,3.62,82.76
SMPC,"[2014, 2015, 2016, 2017, 2018, 2019, 2020, 2021, 2022, 2023, 2024, 2025, 2026]",13,2026-04-07,2014-08-26,24,"[2017, 2018, 2019, 2020, 2021, 2022, 2023, 2024, 2025, 2026]",[],True,SAHAMITR PRESSURE CONTAINER PUBLIC COMPANY LIMITED,SET,Industrials,Packaging,7.29,0.7,9.6,59.32
SNP,"[2014, 2015, 2016, 2017, 2018, 2019, 2020, 2021, 2022, 2023, 2024, 2025, 2026]",13,2026-03-16,2014-08-26,24,"[2017, 2018, 2019, 2020, 2021, 2022, 2023, 2024, 2025, 2026]",[],True,S & P SYNDICATE PUBLIC COMPANY LIMITED,SET,Agro & Food Industry,Food & Beverage,10.23,0.5,8.8,94.6
SORKON,"[2015, 2016, 2017, 2018, 2019, 2020, 2021, 2022, 2023, 2024, 2025, 2026]",12,2026-05-07,2015-05-07,12,"[2017, 2018, 2019, 2020, 2021, 2022, 2023, 2024, 2025, 2026]",[],True,S. KHONKAEN FOODS PUBLIC COMPANY LIMITED,SET,Agro & Food Industry,Food & Beverage,7.06,0.25,3.54,102.08
SPALI,"[2014, 2015, 2016, 2017, 2018, 2019, 2020, 2021, 2022, 2023, 2024, 2025, 2026]",13,2026-05-06,2014-08-25,22,"[2017, 2018, 2019, 2020, 2021, 2022, 2023, 2024, 2025, 2026]",[],True,SUPALAI PUBLIC COMPANY LIMITED,SET,Property & Construction,Property Development,8.75,1.25,16.0,66.95
SPC,"[2015, 2016, 2017, 2018, 2019, 2020, 2021, 2022, 2023, 2024, 2025, 2026]",12,2026-05-07,2015-04-30,20,"[2017, 2018, 2019, 2020, 2021, 2022, 2023, 2024, 2025, 2026]",[],True,SAHA PATHANAPIBUL PUBLIC COMPANY LIMITED,SET,Services,Commerce,4.3,2.4,55.75,30.69
SPCG,"[2014, 2015, 2016, 2017, 2018, 2019, 2020, 2021, 2022, 2023, 2024, 2025, 2026]",13,2026-03-13,2014-08-25,25,"[2017, 2018, 2019, 2020, 2021, 2022, 2023, 2024, 2025, 2026]",[],True,SPCG PUBLIC COMPANY LIMITED,SET,Resources,Energy & Utilities,23.48,0.66,9.2,635.29
SPG,"[2015, 2016, 2017, 2018, 2019, 2020, 2021, 2022, 2023, 2024, 2025, 2026]",12,2026-03-19,2015-03-12,16,"[2017, 2018, 2019, 2020, 2021, 2022, 2023, 2024, 2025, 2026]",[],True,THE SIAM PAN GROUP PUBLIC COMPANY LIMITED,SET,Industrials,Automotive,7.27,0.8,11.0,80.81
SPI,"[2015, 2016, 2017, 2018, 2019, 2020, 2021, 2022, 2023, 2024, 2025, 2026]",12,2026-05-06,2015-05-06,22,"[2017, 2018, 2019, 2020, 2021, 2022, 2023, 2024, 2025, 2026]",[],True,SAHA PATHANA INTER-HOLDING PUBLIC COMPANY LIMITED,SET,Services,Commerce,1.19,0.6,33.75,22.86
SPVI,"[2015, 2016, 2017, 2018, 2019, 2020, 2021, 2022, 2023, 2024, 2025, 2026]",12,2026-03-02,2015-03-06,12,"[2017, 2018, 2019, 2020, 2021, 2022, 2023, 2024, 2025, 2026]",[],True,S P V I PUBLIC COMPANY LIMITED,mai,Technology,,4.24,0.145,3.42,42.65
SSF,"[2015, 2016, 2017, 2018, 2019, 2020, 2021, 2022, 2023, 2024, 2025, 2026]",12,2026-05-05,2015-04-28,12,"[2017, 2018, 2019, 2020, 2021, 2022, 2023, 2024, 2025, 2026]",[],True,SURAPON FOODS PUBLIC COMPANY LIMITED,SET,Agro & Food Industry,Food & Beverage,7.19,0.37,5.15,72.48
SSSC,"[2015, 2016, 2017, 2018, 2019, 2020, 2021, 2022, 2023, 2024, 2025, 2026]",12,2026-05-07,2015-05-07,12,"[2017, 2018, 2019, 2020, 2021, 2022, 2023, 2024, 2025, 2026]",[],True,SIAM STEEL SERVICE CENTER PUBLIC COMPANY LIMITED,SET,Industrials,Steel and Metal Products,7.11,0.165,2.32,61.11
STA,"[2015, 2016, 2017, 2018, 2019, 2020, 2021, 2022, 2023, 2024, 2025, 2026]",12,2026-04-21,2015-05-11,17,"[2017, 2018, 2019, 2020, 2021, 2022, 2023, 2024, 2025, 2026]",[],True,SRI TRANG AGRO-INDUSTRY PUBLIC COMPANY LIMITED,SET,Agro & Food Industry,Agribusiness,2.67,0.5,18.7,119.05
STANLY,"[2015, 2016, 2017, 2018, 2019, 2020, 2021, 2022, 2023, 2024, 2025, 2026]",12,2026-07-08,2015-07-10,13,"[2017, 2018, 2019, 2020, 2021, 2022, 2023, 2024, 2025, 2026]",[],True,THAI STANLEY ELECTRIC PUBLIC COMPANY LIMITED,SET,Industrials,Automotive,10.55,25.0,237.0,79.62
SUSCO,"[2014, 2015, 2016, 2017, 2018, 2019, 2020, 2021, 2022, 2023, 2024, 2025, 2026]",13,2026-03-12,2014-09-10,24,"[2017, 2018, 2019, 2020, 2021, 2022, 2023, 2024, 2025, 2026]",[],True,SUSCO PUBLIC COMPANY LIMITED,SET,Resources,Energy & Utilities,2.68,0.09,2.24,64.29
SWC,"[2014, 2015, 2016, 2017, 2018, 2019, 2020, 2021, 2022, 2023, 2024, 2025, 2026]",13,2026-05-07,2014-08-25,23,"[2017, 2018, 2019, 2020, 2021, 2022, 2023, 2024, 2025, 2026]",[],True,SHERWOOD CORPORATION (THAILAND) PUBLIC COMPANY LIMITED,mai,Industrial,,7.0,0.325,4.64,78.13
SYNEX,"[2015, 2016, 2017, 2018, 2019, 2020, 2021, 2022, 2023, 2024, 2025, 2026]",12,2026-04-30,2015-03-30,23,"[2017, 2018, 2019, 2020, 2021, 2022, 2023, 2024, 2025, 2026]",[],True,SYNNEX (THAILAND) PUBLIC COMPANY LIMITED,SET,Technology,Information & Communication Technology,5.03,0.48,9.55,46.32
SYNTEC,"[2014, 2015, 2016, 2017, 2018, 2019, 2020, 2021, 2022, 2023, 2024, 2025, 2026]",13,2026-04-01,2014-08-25,22,"[2017, 2018, 2019, 2020, 2021, 2022, 2023, 2024, 2025, 2026]",[],True,SYNTEC CONSTRUCTION PUBLIC COMPANY LIMITED,SET,Property & Construction,Construction Services,6.22,0.0,1.93,32.33
TACC,"[2016, 2017, 2018, 2019, 2020, 2021, 2022, 2023, 2024, 2025, 2026]",11,2026-04-22,2016-04-26,21,"[2017, 2018, 2019, 2020, 2021, 2022, 2023, 2024, 2025, 2026]",[],True,T.A.C. CONSUMER PUBLIC COMPANY LIMITED,mai,Agro & Food Industry,,6.51,0.42,6.45,72.73
TASCO,"[2014, 2015, 2016, 2017, 2018, 2019, 2020, 2021, 2022, 2023, 2024, 2025, 2026]",13,2026-03-04,2014-11-26,24,"[2017, 2018, 2019, 2020, 2021, 2022, 2023, 2024, 2025, 2026]",[],True,TIPCO ASPHALT PUBLIC COMPANY LIMITED,SET,Property & Construction,Construction Materials,7.25,1.0,13.8,137.36
TC,"[2015, 2016, 2017, 2018, 2019, 2020, 2021, 2022, 2023, 2024, 2025, 2026]",12,2026-05-07,2015-05-12,12,"[2017, 2018, 2019, 2020, 2021, 2022, 2023, 2024, 2025, 2026]",[],True,TROPICAL CANNING (THAILAND) PUBLIC COMPANY LIMITED,SET,Agro & Food Industry,Food & Beverage,4.48,0.3,6.7,46.88
TCAP,"[2014, 2015, 2016, 2017, 2018, 2019, 2020, 2021, 2022, 2023, 2024, 2025, 2026]",13,2026-04-16,2014-10-02,25,"[2017, 2018, 2019, 2020, 2021, 2022, 2023, 2024, 2025, 2026]",[],True,THANACHART CAPITAL PUBLIC COMPANY LIMITED,SET,Financials,Banking,4.75,3.5,73.75,43.11
TFG,"[2017, 2018, 2019, 2020, 2021, 2022, 2023, 2024, 2025, 2026]",10,2026-05-25,2017-10-18,22,"[2017, 2018, 2019, 2020, 2021, 2022, 2023, 2024, 2025, 2026]",[],True,THAIFOODS GROUP PUBLIC COMPANY LIMITED,SET,Agro & Food Industry,Food & Beverage,7.1,0.71,10.0,56.0
TFMAMA,"[2014, 2015, 2016, 2017, 2018, 2019, 2020, 2021, 2022, 2023, 2024, 2025, 2026]",13,2026-05-11,2014-09-30,24,"[2017, 2018, 2019, 2020, 2021, 2022, 2023, 2024, 2025, 2026]",[],True,THAI PRESIDENT FOODS PUBLIC COMPANY LIMITED,SET,Agro & Food Industry,Food & Beverage,2.45,4.56,186.5,46.17
THANI,"[2015, 2016, 2017, 2018, 2019, 2020, 2021, 2022, 2023, 2024, 2025, 2026]",12,2026-03-02,2015-02-27,13,"[2017, 2018, 2019, 2020, 2021, 2022, 2023, 2024, 2025, 2026]",[],True,RATCHTHANI LEASING PUBLIC COMPANY LIMITED,SET,Financials,Finance & Securities,5.09,0.11,2.16,57.89
THIP,"[2015, 2016, 2017, 2018, 2019, 2020, 2021, 2022, 2023, 2024, 2025, 2026]",12,2026-03-18,2015-05-07,15,"[2017, 2018, 2019, 2020, 2021, 2022, 2023, 2024, 2025, 2026]",[],True,THANTAWAN INDUSTRY PUBLIC COMPANY LIMITED,SET,Industrials,Packaging,7.62,1.6,21.0,158.64
TIF1,"[2014, 2015, 2016, 2017, 2018, 2019, 2020, 2021, 2022, 2023, 2024, 2025, 2026]",13,2026-06-02,2014-08-26,47,"[2017, 2018, 2019, 2020, 2021, 2022, 2023, 2024, 2025, 2026]",[],True,THAI INDUSTRIAL FUND 1,SET,Property & Construction,Property Fund & REITs,7.5,0.445,8.0,63.82
TIPCO,"[2016, 2017, 2018, 2019, 2020, 2021, 2022, 2023, 2024, 2025, 2026]",11,2026-03-06,2016-04-28,19,"[2017, 2018, 2019, 2020, 2021, 2022, 2023, 2024, 2025, 2026]",[],True,TIPCO FOODS PUBLIC COMPANY LIMITED,SET,Agro & Food Industry,Food & Beverage,1.56,0.1,6.4,32.73
TISCO,"[2015, 2016, 2017, 2018, 2019, 2020, 2021, 2022, 2023, 2024, 2025, 2026]",12,2026-04-29,2015-04-28,15,"[2017, 2018, 2019, 2020, 2021, 2022, 2023, 2024, 2025, 2026]",[],True,TISCO FINANCIAL GROUP PUBLIC COMPANY LIMITED,SET,Financials,Banking,6.01,5.75,129.0,91.82
TK,"[2015, 2016, 2017, 2018, 2019, 2020, 2021, 2022, 2023, 2024, 2025, 2026]",12,2026-03-11,2015-03-09,12,"[2017, 2018, 2019, 2020, 2021, 2022, 2023, 2024, 2025, 2026]",[],True,THITIKORN PUBLIC COMPANY LIMITED,SET,Financials,Finance & Securities,4.48,0.2,4.46,163.49
TKN,"[2016, 2017, 2018, 2019, 2020, 2021, 2022, 2023, 2024, 2025, 2026]",11,2026-03-09,2016-03-07,23,"[2017, 2018, 2019, 2020, 2021, 2022, 2023, 2024, 2025, 2026]",[],True,TAOKAENOI FOOD & MARKETING PUBLIC COMPANY LIMITED,SET,Agro & Food Industry,Food & Beverage,6.1,0.25,4.1,83.33
TKS,"[2014, 2015, 2016, 2017, 2018, 2019, 2020, 2021, 2022, 2023, 2024, 2025, 2026]",13,2026-04-27,2014-08-26,24,"[2017, 2018, 2019, 2020, 2021, 2022, 2023, 2024, 2025, 2026]",[],True,T.K.S. TECHNOLOGIES PUBLIC COMPANY LIMITED,SET,Services,Media & Publishing,6.39,0.46,7.2,59.72
TMD,"[2015, 2016, 2017, 2018, 2019, 2020, 2021, 2022, 2023, 2024, 2025, 2026]",12,2026-03-12,2015-03-30,13,"[2017, 2018, 2019, 2020, 2021, 2022, 2023, 2024, 2025, 2026]",[],True,THAI METAL DRUM MANUFACTURING PUBLIC COMPANY LIMITED,SET,Industrials,Packaging,6.36,0.0,26.75,69.96
TMILL,"[2015, 2016, 2017, 2018, 2019, 2020, 2021, 2022, 2023, 2024, 2025, 2026]",12,2026-03-16,2015-03-25,20,"[2017, 2018, 2019, 2020, 2021, 2022, 2023, 2024, 2025, 2026]",[],True,T S FLOUR MILL PUBLIC COMPANY LIMITED,mai,Agro & Food Industry,,5.15,0.09,2.72,56.25
TNL,"[2015, 2016, 2017, 2018, 2019, 2020, 2021, 2022, 2023, 2024, 2025, 2026]",12,2026-03-10,2015-05-07,13,"[2017, 2018, 2019, 2020, 2021, 2022, 2023, 2024, 2025, 2026]",[],True,THANULUX PUBLIC COMPANY LIMITED,SET,Financials,Finance & Securities,3.21,0.6,18.7,76.34
TNP,"[2016, 2017, 2018, 2019, 2020, 2021, 2022, 2023, 2024, 2025, 2026]",11,2026-03-11,2016-03-03,21,"[2017, 2018, 2019, 2020, 2021, 2022, 2023, 2024, 2025, 2026]",[],True,THANAPIRIYA PUBLIC COMPANY LIMITED,mai,Services,,3.79,0.105,2.9,39.92
TNR,"[2017, 2018, 2019, 2020, 2021, 2022, 2023, 2024, 2025, 2026]",10,2026-03-13,2017-03-09,13,"[2017, 2018, 2019, 2020, 2021, 2022, 2023, 2024, 2025, 2026]",[],True,THAI NIPPON RUBBER INDUSTRY PUBLIC COMPANY LIMITED,SET,Consumer Products,Personal Products & Pharmaceuticals,7.27,0.4,5.5,80.0
TOG,"[2014, 2015, 2016, 2017, 2018, 2019, 2020, 2021, 2022, 2023, 2024, 2025, 2026]",13,2026-04-17,2014-08-26,23,"[2017, 2018, 2019, 2020, 2021, 2022, 2023, 2024, 2025, 2026]",[],True,THAI OPTICAL GROUP PUBLIC COMPANY LIMITED,SET,Consumer Products,Personal Products & Pharmaceuticals,7.84,0.5,7.65,62.5
TOP,"[2014, 2015, 2016, 2017, 2018, 2019, 2020, 2021, 2022, 2023, 2024, 2025, 2026]",13,2026-02-25,2014-09-11,23,"[2017, 2018, 2019, 2020, 2021, 2022, 2023, 2024, 2025, 2026]",[],True,THAI OIL PUBLIC COMPANY LIMITED,SET,Resources,Energy & Utilities,3.13,1.8,64.0,13.06
TOPP,"[2015, 2016, 2017, 2018, 2019, 2020, 2021, 2022, 2023, 2024, 2025, 2026]",12,2026-05-07,2015-04-24,12,"[2017, 2018, 2019, 2020, 2021, 2022, 2023, 2024, 2025, 2026]",[],True,THAI O.P.P. PUBLIC COMPANY LIMITED,SET,Industrials,Packaging,3.34,0.0,132.5,26.24
TPCS,"[2015, 2016, 2017, 2018, 2019, 2020, 2021, 2022, 2023, 2024, 2025, 2026]",12,2026-05-07,2015-05-07,14,"[2017, 2018, 2019, 2020, 2021, 2022, 2023, 2024, 2025, 2026]",[],True,TPCS PUBLIC COMPANY LIMITED,SET,Industrials,Industrial Materials & Machinery,7.0,0.7,10.0,29.07
TPIPL,"[2015, 2016, 2017, 2018, 2019, 2020, 2021, 2022, 2023, 2024, 2025, 2026]",12,2026-03-11,2015-03-20,18,"[2017, 2018, 2019, 2020, 2021, 2022, 2023, 2024, 2025, 2026]",[],True,TPI POLENE PUBLIC COMPANY LIMITED,SET,Property & Construction,Construction Materials,3.3,0.0,0.91,26.79
TPIPP,"[2017, 2018, 2019, 2020, 2021, 2022, 2023, 2024, 2025, 2026]",10,2026-03-11,2017-05-19,23,"[2017, 2018, 2019, 2020, 2021, 2022, 2023, 2024, 2025, 2026]",[],True,TPI POLENE POWER PUBLIC COMPANY LIMITED,SET,Resources,Energy & Utilities,3.85,0.07,1.82,38.67
TPP,"[2015, 2016, 2017, 2018, 2019, 2020, 2021, 2022, 2023, 2024, 2025, 2026]",12,2026-03-13,2015-03-17,13,"[2017, 2018, 2019, 2020, 2021, 2022, 2023, 2024, 2025, 2026]",[],True,THAI PACKAGING & PRINTING PUBLIC COMPANY LIMITED,SET,Industrials,Packaging,7.94,1.0,12.6,60.39
TPRIME,"[2017, 2018, 2019, 2020, 2021, 2022, 2023, 2024, 2025, 2026]",10,2026-05-21,2017-03-09,38,"[2017, 2018, 2019, 2020, 2021, 2022, 2023, 2024, 2025, 2026]",[],True,THAILAND PRIME PROPERTY FREEHOLD AND LEASEHOLD REAL ESTATE INVESTMENT TRUST,SET,Property & Construction,Property Fund & REITs,7.18,0.414,7.7,73.39
TR,"[2015, 2016, 2017, 2018, 2019, 2020, 2021, 2022, 2023, 2024, 2025, 2026]",12,2026-06-09,2015-06-05,12,"[2017, 2018, 2019, 2020, 2021, 2022, 2023, 2024, 2025, 2026]",[],True,THAI RAYON PUBLIC COMPANY LIMITED,SET,Consumer Products,Fashion,,,,
TRU,"[2015, 2016, 2017, 2018, 2019, 2020, 2021, 2022, 2023, 2024, 2025, 2026]",12,2026-05-11,2015-04-30,12,"[2017, 2018, 2019, 2020, 2021, 2022, 2023, 2024, 2025, 2026]",[],True,THAI RUNG UNION CAR PUBLIC COMPANY LIMITED,SET,Industrials,Automotive,6.54,0.0,3.82,81.08
TSC,"[2015, 2016, 2017, 2018, 2019, 2020, 2021, 2022, 2023, 2024, 2025, 2026]",12,2026-05-19,2015-01-30,23,"[2017, 2018, 2019, 2020, 2021, 2022, 2023, 2024, 2025, 2026]",[],True,THAI STEEL CABLE PUBLIC COMPANY LIMITED,SET,Industrials,Automotive,7.89,1.2,15.2,87.59
TSTE,"[2015, 2016, 2017, 2018, 2019, 2020, 2021, 2022, 2023, 2024, 2025, 2026]",12,2026-03-18,2015-03-25,20,"[2017, 2018, 2019, 2020, 2021, 2022, 2023, 2024, 2025, 2026]",[],True,TSTE PUBLIC COMPANY LIMITED,SET,Services,Transportation & Logistics,1.52,0.16,10.5,41.03
TTA,"[2015, 2016, 2017, 2018, 2019, 2020, 2021, 2022, 2023, 2024, 2025, 2026]",12,2026-03-19,2015-02-03,13,"[2017, 2018, 2019, 2020, 2021, 2022, 2023, 2024, 2025, 2026]",[],True,THORESEN THAI AGENCIES PUBLIC COMPANY LIMITED,SET,Services,Transportation & Logistics,4.85,0.0,5.15,53.19
TTB,"[2015, 2016, 2017, 2018, 2019, 2020, 2021, 2022, 2023, 2024, 2025, 2026]",12,2026-04-27,2015-04-21,17,"[2017, 2018, 2019, 2020, 2021, 2022, 2023, 2024, 2025, 2026]",[],True,TMBTHANACHART BANK PUBLIC COMPANY LIMITED,SET,Financials,Banking,4.35,0.068,3.08,56.96
TTW,"[2014, 2015, 2016, 2017, 2018, 2019, 2020, 2021, 2022, 2023, 2024, 2025, 2026]",13,2026-03-10,2014-08-26,24,"[2017, 2018, 2019, 2020, 2021, 2022, 2023, 2024, 2025, 2026]",[],True,TTW PUBLIC COMPANY LIMITED,SET,Resources,Energy & Utilities,5.71,0.6,10.5,73.17
TU,"[2014, 2015, 2016, 2017, 2018, 2019, 2020, 2021, 2022, 2023, 2024, 2025, 2026]",13,2026-03-02,2014-08-25,24,"[2017, 2018, 2019, 2020, 2021, 2022, 2023, 2024, 2025, 2026]",[],True,THAI UNION GROUP PUBLIC COMPANY LIMITED,SET,Agro & Food Industry,Food & Beverage,5.74,0.7,12.2,57.85
TVO,"[2014, 2015, 2016, 2017, 2018, 2019, 2020, 2021, 2022, 2023, 2024, 2025, 2026]",13,2026-03-13,2014-08-26,23,"[2017, 2018, 2019, 2020, 2021, 2022, 2023, 2024, 2025, 2026]",[],True,THAI VEGETABLE OIL PUBLIC COMPANY LIMITED,SET,Agro & Food Industry,Food & Beverage,8.59,1.97,27.25,74.06
TWPC,"[2015, 2016, 2017, 2018, 2019, 2020, 2021, 2022, 2023, 2024, 2025, 2026]",12,2026-04-29,2015-05-07,13,"[2017, 2018, 2019, 2020, 2021, 2022, 2023, 2024, 2025, 2026]",[],True,THAI WAH PUBLIC COMPANY LIMITED,SET,Agro & Food Industry,Food & Beverage,3.99,0.114,2.86,23.75
UAC,"[2015, 2016, 2017, 2018, 2019, 2020, 2021, 2022, 2023, 2024, 2025, 2026]",12,2026-04-28,2015-04-01,17,"[2017, 2018, 2019, 2020, 2021, 2022, 2023, 2024, 2025, 2026]",[],True,UAC GLOBAL PUBLIC COMPANY LIMITED,SET,Industrials,Petrochemicals & Chemicals,7.75,0.2,2.58,
UKEM,"[2015, 2016, 2017, 2018, 2019, 2020, 2021, 2022, 2023, 2024, 2025, 2026]",12,2026-04-17,2015-04-30,13,"[2017, 2018, 2019, 2020, 2021, 2022, 2023, 2024, 2025, 2026]",[],True,UNION PETROCHEMICAL PUBLIC COMPANY LIMITED,mai,Industrial,,1.32,0.015,1.14,7.81
UPOIC,"[2014, 2015, 2016, 2017, 2018, 2019, 2020, 2021, 2022, 2023, 2024, 2025, 2026]",13,2026-03-10,2014-11-18,13,"[2017, 2018, 2019, 2020, 2021, 2022, 2023, 2024, 2025, 2026]",[],True,UNITED PALM OIL INDUSTRY PUBLIC COMPANY LIMITED,SET,Agro & Food Industry,Agribusiness,4.93,0.34,6.9,41.83
UTP,"[2014, 2015, 2016, 2017, 2018, 2019, 2020, 2021, 2022, 2023, 2024, 2025, 2026]",13,2026-03-10,2014-08-26,19,"[2017, 2018, 2019, 2020, 2021, 2022, 2023, 2024, 2025, 2026]",[],True,UNITED PAPER PUBLIC COMPANY LIMITED,SET,Industrials,Paper & Printing Materials,7.27,0.6,8.25,70.59
UVAN,"[2014, 2015, 2016, 2017, 2018, 2019, 2020, 2021, 2022, 2023, 2024, 2025, 2026]",13,2026-03-06,2014-08-26,24,"[2017, 2018, 2019, 2020, 2021, 2022, 2023, 2024, 2025, 2026]",[],True,UNIVANICH PALM OIL PUBLIC COMPANY LIMITED,SET,Agro & Food Industry,Agribusiness,8.01,1.25,15.6,63.78
VIBHA,"[2015, 2016, 2017, 2018, 2019, 2020, 2021, 2022, 2023, 2024, 2025, 2026]",12,2026-05-06,2015-05-12,12,"[2017, 2018, 2019, 2020, 2021, 2022, 2023, 2024, 2025, 2026]",[],True,VIBHAVADI MEDICAL CENTER PUBLIC COMPANY LIMITED,SET,Services,Health Care Services,4.44,0.06,1.35,34.6
VIH,"[2014, 2015, 2016, 2017, 2018, 2019, 2020, 2021, 2022, 2023, 2024, 2025, 2026]",13,2026-03-13,2014-10-24,13,"[2017, 2018, 2019, 2020, 2021, 2022, 2023, 2024, 2025, 2026]",[],True,SRIVICHAIVEJVIVAT PUBLIC COMPANY LIMITED,SET,Services,Health Care Services,,,,
WACOAL,"[2015, 2016, 2017, 2018, 2019, 2020, 2021, 2022, 2023, 2024, 2025, 2026]",12,2026-05-07,2015-04-30,12,"[2017, 2018, 2019, 2020, 2021, 2022, 2023, 2024, 2025, 2026]",[],True,THAI WACOAL PUBLIC COMPANY LIMITED,SET,Consumer Products,Fashion,,,,
WHA,"[2017, 2018, 2019, 2020, 2021, 2022, 2023, 2024, 2025, 2026]",10,2026-05-11,2017-05-05,18,"[2017, 2018, 2019, 2020, 2021, 2022, 2023, 2024, 2025, 2026]",[],True,WHA CORPORATION PUBLIC COMPANY LIMITED,SET,Property & Construction,Property Development,,,,
WHABT,"[2016, 2017, 2018, 2019, 2020, 2021, 2022, 2023, 2024, 2025, 2026]",11,2026-06-02,2016-11-09,39,"[2017, 2018, 2019, 2020, 2021, 2022, 2023, 2024, 2025, 2026]",[],True,WHA BUSINESS COMPLEX FREEHOLD AND LEASEHOLD REAL ESTATE INVESTMENT TRUST,SET,Property & Construction,Property Fund & REITs,,,,
WHART,"[2015, 2016, 2017, 2018, 2019, 2020, 2021, 2022, 2023, 2024, 2025, 2026]",12,2026-05-19,2015-05-12,49,"[2017, 2018, 2019, 2020, 2021, 2022, 2023, 2024, 2025, 2026]",[],True,WHA PREMIUM GROWTH FREEHOLD AND LEASEHOLD REAL ESTATE INVESTMENT TRUST,SET,Property & Construction,Property Fund & REITs,,,,
WICE,"[2016, 2017, 2018, 2019, 2020, 2021, 2022, 2023, 2024, 2025, 2026]",11,2026-03-11,2016-02-23,11,"[2017, 2018, 2019, 2020, 2021, 2022, 2023, 2024, 2025, 2026]",[],True,WICE LOGISTICS PUBLIC COMPANY LIMITED,SET,Services,Transportation & Logistics,,,,
WIIK,"[2016, 2017, 2018, 2019, 2020, 2021, 2022, 2023, 2024, 2025, 2026]",11,2026-03-11,2016-03-24,12,"[2017, 2018, 2019, 2020, 2021, 2022, 2023, 2024, 2025, 2026]",[],True,WIIK PUBLIC COMPANY LIMITED,SET,Property & Construction,Construction Materials,,,,
WINNER,"[2014, 2015, 2016, 2017, 2018, 2019, 2020, 2021, 2022, 2023, 2024, 2025, 2026]",13,2026-05-05,2014-08-26,24,"[2017, 2018, 2019, 2020, 2021, 2022, 2023, 2024, 2025, 2026]",[],True,WINNER GROUP ENTERPRISE PUBLIC COMPANY LIMITED,mai,Agro & Food Industry,,,,,
XO,"[2016, 2017, 2018, 2019, 2020, 2021, 2022, 2023, 2024, 2025, 2026]",11,2026-03-09,2016-05-03,18,"[2017, 2018, 2019, 2020, 2021, 2022, 2023, 2024, 2025, 2026]",[],True,EXOTIC FOOD PUBLIC COMPANY LIMITED,mai,Agro & Food Industry,,,,,
YUASA,"[2016, 2017, 2018, 2019, 2020, 2021, 2022, 2023, 2024, 2025, 2026]",11,2026-04-20,2016-03-02,11,"[2017, 2018, 2019, 2020, 2021, 2022, 2023, 2024, 2025, 2026]",[],True,YUASA BATTERY (THAILAND) PUBLIC COMPANY LIMITED,mai,Industrial,,,,,
