symbol,dividend_yield_pct,dividend_rate_baht,last_price,payout_ratio,safety_score,ex_dividend_date,last_dividend_value,five_year_avg_yield_pct,yield_vs_5y_avg,yield_on_52w_low_pct,yield_on_52w_high_pct,fetched_at,consecutive_dividend_years,annual_dividend_latest,annual_dividend_10y_total,dividend_cagr_3y,dividend_cagr_5y,dividend_cagr_10y,company_name_en,market,industry,sector
CMR,17.89,0.104,1.24,36.32,5.0,2025-12-29,0.1043,3.16,14.73,8.67,5.78,2026-10-05T03:43:52.397175+00:00,23.0,0.2683,0.7514,59.6,38.84,20.49,CHIANG MAI RAM MEDICAL BUSINESS PUBLIC COMPANY LIMITED,SET,Services,Health Care Services
LHSC,15.38,0.641,15.5,73.55,3.0,2026-08-27,0.2,3.94,11.44,5.57,4.01,2026-10-05T03:46:06.977195+00:00,12.0,0.841,7.6228,-7.12,17.3,-0.85,LH SHOPPING CENTERS LEASEHOLD REAL ESTATE INVESTMENT TRUST,SET,Property & Construction,Property Fund & REITs
MII,13.97,0.0,5.85,78.41,3.0,2026-09-04,0.206,9.81,4.16,0.0,0.0,2026-10-05T03:46:32.110581+00:00,14.0,0.5028,5.8336,-17.6,-2.75,-0.12,MFC Industrial Investment Freehold and Leasehold Real Estate Investment Trust,SET,Property & Construction,Property Fund & REITs
MCS,12.42,0.7,7.65,61.06,3.0,2026-04-20,0.7,5.68,6.74,9.72,7.18,2026-10-05T03:46:21.021952+00:00,22.0,0.7,6.67,10.42,6.96,0.29,M.C.S.STEEL PUBLIC COMPANY LIMITED,SET,Industrials,Steel and Metal Products
AI,12.35,0.4,3.24,76.63,3.0,2026-08-25,0.2,8.06,4.29,14.29,11.76,2026-10-05T03:42:18.123048+00:00,17.0,0.3,4.89,6.27,-14.85,-6.05,ASIAN INSULATORS PUBLIC COMPANY LIMITED,SET,Resources,Energy & Utilities
STANLY,11.21,25.0,225.0,80.0,2.0,2026-07-08,17.0,4.9,6.31,13.93,9.77,2026-10-05T03:49:22.505317+00:00,26.0,17.0,119.5,-5.27,14.87,13.02,THAI STANLEY ELECTRIC PUBLIC COMPANY LIMITED,SET,Industrials,Automotive
SFLEX,10.49,0.22,3.2,48.83,4.0,2026-08-26,0.17,2.1,8.39,8.8,6.15,2026-10-05T03:48:43.259677+00:00,7.0,0.22,0.838,27.96,37.35,,STARFLEX PUBLIC COMPANY LIMITED,SET,Industrials,Packaging
METCO,10.03,30.0,298.0,57.63,4.0,2026-02-05,30.0,5.42,4.61,15.0,9.84,2026-10-05T03:46:27.573898+00:00,27.0,30.0,135.0,44.22,16.47,7.92,MURAMOTO ELECTRON (THAILAND) PUBLIC COMPANY LIMITED,SET,Technology,Electronic Components
CPW,9.91,0.23,2.3,70.6,3.0,2026-08-20,0.08,3.08,6.83,12.3,8.21,2026-10-05T03:44:04.230883+00:00,7.0,0.23,0.89,8.51,23.52,,COPPERWIRED PUBLIC COMPANY LIMITED,SET,Services,Commerce
PYLON,9.9,0.39,3.94,61.78,3.0,2026-08-27,0.15,2.65,7.25,16.81,9.56,2026-10-05T03:47:58.846819+00:00,21.0,0.39,1.61,40.71,45.41,8.34,PYLON PUBLIC COMPANY LIMITED,SET,Property & Construction,Construction Services
SPRIME,9.52,0.4,4.08,64.93,3.0,2026-08-20,0.1,10.69,-1.17,12.05,8.85,2026-10-05T03:49:13.839439+00:00,8.0,0.3,3.9952,-16.48,-13.47,,S PRIME GROWTH LEASEHOLD REAL ESTATE INVESTMENT TRUST,SET,Property & Construction,Property Fund & REITs
GC,9.43,0.47,5.25,55.55,4.0,2026-08-24,0.25,7.11,2.32,12.11,7.97,2026-10-05T03:44:47.915310+00:00,21.0,0.47,3.0223,9.29,7.66,10.53,GLOBAL CONNECTIONS PUBLIC COMPANY LIMITED,SET,Industrials,Petrochemicals & Chemicals
SIRI,9.09,0.13,1.43,56.03,4.0,2026-08-27,0.05,7.47,1.62,10.08,8.12,2026-10-05T03:48:50.590823+00:00,23.0,0.13,1.18,-8.55,5.39,0.0,SANSIRI PUBLIC COMPANY LIMITED,SET,Property & Construction,Property Development
UTP,8.89,0.7,9.0,61.57,3.0,2026-08-26,0.4,6.1,2.79,9.86,7.25,2026-10-05T03:51:03.472956+00:00,17.0,0.7,6.34,-5.52,-1.11,16.65,UNITED PAPER PUBLIC COMPANY LIMITED,SET,Industrials,Paper & Printing Materials
ROJNA,8.85,0.5,5.6,27.9,5.0,2026-04-30,0.5,5.02,3.83,11.74,7.75,2026-10-05T03:48:11.525655+00:00,12.0,0.5,3.4,7.72,20.11,17.46,ROJANA INDUSTRIAL PARK PUBLIC COMPANY LIMITED,SET,Property & Construction,Property Development
AMATAR,8.71,0.598,7.35,73.71,3.0,2026-08-24,0.16,8.7,0.01,9.42,7.62,2026-10-05T03:42:30.511682+00:00,12.0,0.438,6.156,-12.77,-7.01,-3.65,AMATA SUMMIT GROWTH FREEHOLD AND LEASEHOLD REAL ESTATE INVESTMENT TRUST,SET,Property & Construction,Property Fund & REITs
ASP,8.62,0.09,2.3,40.99,4.0,2026-08-27,0.11,6.7,1.92,4.57,3.46,2026-10-05T03:42:46.411737+00:00,21.0,0.2,2.1493,5.57,-5.83,-4.27,ASIA PLUS GROUP HOLDINGS PUBLIC COMPANY LIMITED,SET,Financials,Finance & Securities
SSTRT,8.62,0.4,4.64,66.09,3.0,2026-08-11,0.2,8.04,0.58,9.66,8.16,2026-10-05T03:49:21.327531+00:00,9.0,0.4,4.4589,0.0,0.0,-5.19,SUB SRI THAI REAL ESTATE INVESTMENT TRUST,SET,Property & Construction,Property Fund & REITs
PRAKIT,8.57,0.0,10.5,25.91,5.0,2026-05-06,0.9,6.52,2.05,0.0,0.0,2026-10-05T03:47:42.431868+00:00,27.0,0.9,6.9909,-3.45,8.45,25.77,PRAKIT HOLDINGS PUBLIC COMPANY LIMITED,SET,Services,Media & Publishing
DREIT,8.54,0.398,4.86,64.78,3.0,2026-08-25,0.2075,8.05,0.49,8.58,6.63,2026-10-05T03:44:20.837310+00:00,9.0,0.3975,3.5854,-0.42,0.48,,DUSIT THANI FREEHOLD AND LEASEHOLD REAL ESTATE INVESTMENT TRUST,SET,Property & Construction,Property Fund & REITs
PHOL,8.33,0.27,3.24,69.0,3.0,2026-08-26,0.12,7.71,0.62,10.0,7.99,2026-10-05T03:47:26.671555+00:00,8.0,0.27,2.1406,7.06,2.38,4.35,PHOL DHANYA PUBLIC COMPANY LIMITED,mai,Industrial,
ASIMAR,8.16,0.12,1.47,74.69,3.0,2026-03-13,0.12,4.68,3.48,9.3,7.06,2026-10-05T03:42:45.042185+00:00,15.0,0.12,1.03,14.47,3.71,0.0,ASIAN MARINE SERVICES PUBLIC COMPANY LIMITED,SET,Services,Transportation & Logistics
SC,8.12,0.16,1.97,35.85,5.0,2026-08-27,0.06,7.0,1.12,10.39,7.21,2026-10-05T03:48:29.408138+00:00,22.0,0.16,1.9,-8.67,-10.59,-1.7,SC ASSET CORPORATION PUBLIC COMPANY LIMITED,SET,Property & Construction,Property Development
TEKA,8.11,0.15,1.84,45.94,4.0,2026-03-02,0.15,5.04,3.07,9.26,6.88,2026-10-05T03:49:49.405085+00:00,5.0,0.15,0.61,12.62,16.47,,TEKA CONSTRUCTION PUBLIC COMPANY LIMITED,SET,Property & Construction,Construction Services
WINNER,8.11,0.18,2.2,79.71,3.0,2026-08-27,0.09,6.3,1.81,9.09,7.63,2026-10-05T03:51:21.976221+00:00,14.0,0.18,1.4806,8.74,0.0,1.62,WINNER GROUP ENTERPRISE PUBLIC COMPANY LIMITED,mai,Agro & Food Industry,
BIZ,8.06,0.5,6.2,70.74,3.0,2026-03-09,0.5,6.15,1.91,13.66,7.69,2026-10-05T03:43:13.074469+00:00,10.0,0.5,2.4378,18.56,3.17,22.32,BUSINESS ALIGNMENT PUBLIC COMPANY LIMITED,SET,Consumer Products,Personal Products & Pharmaceuticals
MFEC,8.06,0.5,6.2,76.92,3.0,2026-05-06,0.5,5.96,2.1,10.04,7.69,2026-10-05T03:46:28.720997+00:00,23.0,0.5,3.75,7.72,4.56,3.63,MFEC PUBLIC COMPANY LIMITED,SET,Technology,Information & Communication Technology
SMPC,7.94,0.75,9.45,58.82,4.0,2026-08-24,0.45,6.67,1.27,8.62,7.21,2026-10-05T03:49:01.559884+00:00,13.0,0.75,6.85,7.13,-6.86,2.43,SAHAMITR PRESSURE CONTAINER PUBLIC COMPANY LIMITED,SET,Industrials,Packaging
FTE,7.94,0.19,2.54,74.57,3.0,2026-08-26,0.1,1.99,5.95,11.11,6.69,2026-10-05T03:44:44.344026+00:00,10.0,0.19,1.2556,10.72,39.82,11.56,FIRETRADE ENGINEERING PUBLIC COMPANY LIMITED,SET,Industrials,Industrial Materials & Machinery
NNCL,7.91,0.13,1.77,41.44,4.0,2026-08-26,0.07,6.05,1.86,9.63,6.91,2026-10-05T03:47:01.023084+00:00,10.0,0.13,1.017,5.73,3.4,13.39,NAVANAKORN PUBLIC COMPANY LIMITED,SET,Property & Construction,Property Development
LHK,7.91,0.26,3.52,75.93,3.0,2026-06-11,0.14,7.6,0.31,8.02,7.1,2026-10-05T03:46:05.509698+00:00,17.0,0.14,3.23,-15.25,-26.21,-9.97,LOHAKIT METAL PUBLIC COMPANY LIMITED,SET,Industrials,Steel and Metal Products
SPALI,7.86,1.25,15.9,52.77,4.0,2026-08-25,0.55,6.95,0.91,8.45,6.58,2026-10-05T03:49:09.059763+00:00,23.0,1.25,10.95,-2.53,-2.92,8.56,SUPALAI PUBLIC COMPANY LIMITED,SET,Property & Construction,Property Development
CPI,7.76,0.27,3.5,66.5,3.0,2026-03-13,0.27,5.45,2.31,8.65,7.11,2026-10-05T03:44:00.362914+00:00,7.0,0.27,1.281,34.89,7.28,24.57,CHUMPORN PALM OIL INDUSTRY PUBLIC COMPANY LIMITED,SET,Agro & Food Industry,Food & Beverage
BCP,7.71,1.05,52.5,7.04,5.0,2026-09-07,3.0,3.95,3.76,4.34,1.73,2026-10-05T03:43:02.075286+00:00,21.0,4.05,17.05,24.47,12.47,7.05,BANGCHAK CORPORATION PUBLIC COMPANY LIMITED,SET,Resources,Energy & Utilities
TPP,7.63,1.0,13.0,51.93,4.0,2026-03-13,1.0,3.4,4.23,10.0,7.14,2026-10-05T03:50:30.400128+00:00,14.0,1.0,6.03,65.65,0.0,12.79,THAI PACKAGING & PRINTING PUBLIC COMPANY LIMITED,SET,Industrials,Packaging
TFG,7.51,0.71,9.55,66.36,3.0,2026-08-24,0.225,2.97,4.54,16.75,6.12,2026-10-05T03:49:50.489529+00:00,10.0,0.61,2.368,92.89,34.23,28.42,THAIFOODS GROUP PUBLIC COMPANY LIMITED,SET,Agro & Food Industry,Food & Beverage
DRT,7.41,0.14,5.4,68.06,3.0,2026-08-31,0.2,6.59,0.82,3.04,2.5,2026-10-05T03:44:22.369501+00:00,21.0,0.34,4.19,-13.21,-6.66,0.3,DIAMOND BUILDING PRODUCTS PUBLIC COMPANY LIMITED,SET,Property & Construction,Construction Materials
SSSC,7.3,0.165,2.26,50.54,4.0,2026-05-07,0.165,6.77,0.53,8.17,6.99,2026-10-05T03:49:19.582297+00:00,21.0,0.165,1.788,-9.42,-6.43,-2.84,SIAM STEEL SERVICE CENTER PUBLIC COMPANY LIMITED,SET,Industrials,Steel and Metal Products
ILM,7.3,1.0,13.9,66.67,3.0,2026-08-26,0.25,4.12,3.18,8.26,6.17,2026-10-05T03:45:17.351868+00:00,7.0,1.0,5.48,0.0,10.76,,INDEX LIVING MALL PUBLIC COMPANY LIMITED,SET,Services,Commerce
TMW,7.24,4.07,56.0,28.25,5.0,2026-08-04,4.07,2.97,4.27,8.22,6.41,2026-10-05T03:50:15.355701+00:00,23.0,4.07,23.33,-0.65,35.23,12.0,THAI MITSUWA PUBLIC COMPANY LIMITED,mai,Industrial,
SCCC,7.24,11.0,152.0,79.15,3.0,2026-08-18,4.0,6.33,0.91,7.97,7.03,2026-10-05T03:48:31.593214+00:00,26.0,11.0,93.0,0.0,4.1,-1.66,SIAM CITY CEMENT PUBLIC COMPANY LIMITED,SET,Property & Construction,Construction Materials
ICN,7.08,0.09,2.12,60.0,3.0,2026-03-11,0.09,7.0,0.08,6.04,3.91,2026-10-05T03:45:13.332504+00:00,9.0,0.09,1.64,-20.63,-21.4,,INFORMATION AND COMMUNICATION NETWORKS PUBLIC COMPANY LIMITED,SET,Technology,Information & Communication Technology
TIF1,7.0,0.305,7.85,63.82,3.0,2026-08-31,0.14,7.37,-0.37,4.42,3.77,2026-10-05T03:50:01.341285+00:00,22.0,0.445,5.921,-24.16,-4.22,-3.23,THAI INDUSTRIAL FUND 1,SET,Property & Construction,Property Fund & REITs
ARROW,6.96,0.4,5.8,63.79,3.0,2026-08-24,0.1,6.09,0.87,8.23,6.4,2026-10-05T03:42:39.916397+00:00,14.0,0.4,4.5,4.55,-2.33,-3.97,ARROW SYNDICATE PUBLIC COMPANY LIMITED,mai,Property & Construction,
LANNA,6.85,0.5,14.7,61.74,3.0,2026-08-31,0.5,10.08,-3.23,3.57,3.03,2026-10-05T03:46:01.500339+00:00,27.0,1.0,13.66,-24.24,-16.41,3.78,THE LANNA RESOURCES PUBLIC COMPANY LIMITED,SET,Resources,Energy & Utilities
SPRC,6.8,0.8,14.9,11.75,5.0,2026-08-28,0.5,3.89,2.91,18.69,5.33,2026-10-05T03:49:12.958004+00:00,5.0,0.8,6.0029,47.36,-6.81,-0.02,STAR PETROLEUM REFINING PUBLIC COMPANY LIMITED,SET,Resources,Energy & Utilities
TNR,6.78,0.4,5.9,65.35,3.0,2026-03-13,0.2,4.63,2.15,8.47,6.11,2026-10-05T03:50:20.350426+00:00,10.0,0.2,3.27,-28.62,0.0,14.87,THAI NIPPON RUBBER INDUSTRY PUBLIC COMPANY LIMITED,SET,Consumer Products,Personal Products & Pharmaceuticals
NER,6.77,0.31,4.56,40.56,4.0,2026-08-20,0.05,6.44,0.33,7.6,5.74,2026-10-05T03:46:56.128144+00:00,8.0,0.31,2.35,-3.03,-6.33,,NORTH EAST RUBBER PUBLIC COMPANY LIMITED,SET,Agro & Food Industry,Agribusiness
PTT,6.75,2.6,41.5,48.54,4.0,2026-10-07,1.4,5.81,0.94,8.67,5.94,2026-10-05T03:47:57.141398+00:00,25.0,1.4,18.4,-11.21,-7.79,-2.48,PTT PUBLIC COMPANY LIMITED,SET,Resources,Energy & Utilities
2S,6.7,0.24,3.56,29.63,5.0,2026-08-20,0.12,6.99,-0.29,10.53,4.92,2026-10-05T03:42:04.840693+00:00,17.0,0.24,1.9291,8.1,-2.33,9.35,2S METAL PUBLIC COMPANY LIMITED,SET,Industrials,Steel and Metal Products
SYNTEC,6.7,0.12,1.8,30.0,5.0,2026-09-29,0.05,3.45,3.25,7.69,5.88,2026-10-05T03:49:37.475787+00:00,13.0,0.12,0.96,25.99,31.95,-2.21,SYNTEC CONSTRUCTION PUBLIC COMPANY LIMITED,SET,Property & Construction,Construction Services
TRU,6.68,0.25,3.72,71.43,3.0,2026-05-11,0.25,3.23,3.45,7.1,6.01,2026-10-05T03:50:37.025647+00:00,16.0,0.25,1.7909,7.72,22.42,11.82,THAI RUNG UNION CAR PUBLIC COMPANY LIMITED,SET,Industrials,Automotive
AP,6.67,0.52,7.85,37.11,5.0,2026-05-06,0.52,5.85,0.82,7.59,5.36,2026-10-05T03:42:35.492873+00:00,23.0,0.52,4.87,-9.43,0.79,5.65,AP (THAILAND) PUBLIC COMPANY LIMITED,SET,Property & Construction,Property Development
KCAR,6.67,0.3,4.8,53.93,4.0,2026-08-26,0.16,5.34,1.33,6.47,5.22,2026-10-05T03:45:43.584420+00:00,21.0,0.3,5.69,16.45,-7.79,-13.16,KRUNGTHAI CAR RENT AND LEASE PUBLIC COMPANY LIMITED,SET,Financials,Finance & Securities
KKP,6.65,7.45,114.5,62.73,3.0,2026-09-09,3.25,5.6,1.05,12.57,6.13,2026-10-05T03:45:51.691268+00:00,26.0,7.45,42.65,35.42,13.53,2.19,KIATNAKIN PHATRA BANK PUBLIC COMPANY LIMITED,SET,Financials,Banking
SMIT,6.63,0.24,3.62,80.0,2.0,2026-08-24,0.1,6.62,0.01,7.19,6.45,2026-10-05T03:48:59.653667+00:00,22.0,0.24,3.0,0.0,-7.79,-2.84,SAHAMIT MACHINERY PUBLIC COMPANY LIMITED,SET,Industrials,Steel and Metal Products
QH,6.62,0.07,1.36,51.13,4.0,2026-08-26,0.02,6.17,0.45,5.79,4.58,2026-10-05T03:48:00.735592+00:00,24.0,0.09,1.43,-11.54,-3.93,-4.98,QUALITY HOUSES PUBLIC COMPANY LIMITED,SET,Property & Construction,Property Development
TACC,6.61,0.21,6.3,71.36,3.0,2026-04-22,0.21,6.51,0.1,4.53,3.11,2026-10-05T03:49:37.942974+00:00,11.0,0.21,2.79,-18.64,-9.71,2.14,T.A.C. CONSUMER PUBLIC COMPANY LIMITED,mai,Agro & Food Industry,
SPG,6.61,0.8,12.1,79.43,3.0,2026-03-19,0.8,4.58,2.03,7.84,6.15,2026-10-05T03:49:11.928227+00:00,27.0,0.8,6.8,0.0,12.2,0.0,THE SIAM PAN GROUP PUBLIC COMPANY LIMITED,SET,Industrials,Automotive
KGI,6.6,0.31,4.7,50.48,4.0,2026-04-20,0.31,7.19,-0.59,8.29,5.9,2026-10-05T03:45:47.753756+00:00,20.0,0.31,3.511,0.0,-10.83,-2.02,KGI SECURITIES (THAILAND) PUBLIC COMPANY LIMITED,SET,Financials,Finance & Securities
AEONTS,6.52,5.5,90.5,44.03,4.0,2026-04-27,2.95,3.72,2.8,6.36,4.58,2026-10-05T03:42:14.620829+00:00,25.0,2.95,47.05,-18.75,-10.72,-1.55,AEON THANA SINSAP (THAILAND) PUBLIC COMPANY LIMITED,SET,Financials,Finance & Securities
APP,6.46,0.23,3.56,56.13,4.0,2026-05-07,0.23,5.8,0.66,11.39,6.25,2026-10-05T03:42:37.218110+00:00,7.0,0.23,1.1,15.31,2.83,,APPLICAD PUBLIC COMPANY LIMITED,mai,Technology,
TU,6.45,0.75,12.4,57.53,4.0,2026-08-14,0.4,5.0,1.45,7.21,5.32,2026-10-05T03:50:48.993266+00:00,27.0,0.75,6.65,10.89,-3.58,1.76,THAI UNION GROUP PUBLIC COMPANY LIMITED,SET,Agro & Food Industry,Food & Beverage
TPRIME,6.42,0.413,8.7,70.28,3.0,2026-08-20,0.133,7.63,-1.21,6.35,4.64,2026-10-05T03:50:30.846054+00:00,10.0,0.404,5.7966,-10.81,-7.28,1.01,THAILAND PRIME PROPERTY FREEHOLD AND LEASEHOLD REAL ESTATE INVESTMENT TRUST,SET,Property & Construction,Property Fund & REITs
LALIN,6.4,0.27,4.22,68.22,3.0,2026-08-28,0.11,6.88,-0.48,6.4,5.24,2026-10-05T03:46:00.926775+00:00,24.0,0.27,4.187,-13.35,-15.85,6.27,LALIN PROPERTY PUBLIC COMPANY LIMITED,SET,Property & Construction,Property Development
SAK,6.37,0.2,3.1,47.25,4.0,2026-04-29,0.2,2.47,3.9,6.71,5.0,2026-10-05T03:48:19.798432+00:00,6.0,0.2,0.891,10.06,11.51,,SAKSIAM LEASING PUBLIC COMPANY LIMITED,SET,Financials,Finance & Securities
TVO,6.37,2.07,28.0,67.76,3.0,2026-08-27,0.9,5.41,0.96,9.86,6.9,2026-10-05T03:50:51.564408+00:00,27.0,2.07,14.8964,12.6,15.25,0.91,THAI VEGETABLE OIL PUBLIC COMPANY LIMITED,SET,Agro & Food Industry,Food & Beverage
EASON,6.35,0.08,1.26,42.22,4.0,2026-04-29,0.08,4.62,1.73,7.77,6.2,2026-10-05T03:44:25.885686+00:00,5.0,0.08,0.6299,16.96,14.87,-1.08,EASON & CO PUBLIC COMPANY LIMITED,SET,Industrials,Automotive
ALUCON,6.3,16.0,254.0,64.44,3.0,2026-05-06,16.0,5.45,0.85,8.72,6.13,2026-10-05T03:42:26.949327+00:00,27.0,16.0,109.5,25.99,9.86,0.65,ALUCON PUBLIC COMPANY LIMITED,SET,Industrials,Packaging
PTTEP,6.27,0.287,145.5,50.2,4.0,2026-08-14,4.5,5.55,0.72,0.28,0.17,2026-10-05T03:47:57.798560+00:00,27.0,9.15,68.625,-2.09,4.77,8.63,PTT EXPLORATION AND PRODUCTION PUBLIC COMPANY LIMITED,SET,Resources,Energy & Utilities
TMD,6.24,1.7,27.5,68.3,3.0,2026-03-12,1.7,6.42,-0.18,6.85,5.91,2026-10-05T03:50:12.136224+00:00,25.0,1.7,14.75,2.04,1.22,3.54,THAI METAL DRUM MANUFACTURING PUBLIC COMPANY LIMITED,SET,Industrials,Packaging
III,6.22,0.15,4.84,43.54,4.0,2026-04-28,0.15,3.81,2.41,4.03,2.73,2026-10-05T03:45:16.394990+00:00,9.0,0.15,2.4216,-20.63,-19.6,,TRIPLE I LOGISTICS PUBLIC COMPANY LIMITED,SET,Services,Transportation & Logistics
BCPG,6.2,0.25,6.35,47.0,4.0,2026-09-09,0.15,3.58,2.62,4.72,2.6,2026-10-05T03:43:02.524289+00:00,11.0,0.4,4.0601,16.96,1.57,-3.84,BCPG PUBLIC COMPANY LIMITED,SET,Resources,Energy & Utilities
MSC,6.19,0.35,5.65,77.97,3.0,2026-03-09,0.35,5.1,1.09,6.42,4.32,2026-10-05T03:46:45.027621+00:00,25.0,0.35,4.13,-11.21,-1.63,0.0,METRO SYSTEMS CORPORATION PUBLIC COMPANY LIMITED,SET,Technology,Information & Communication Technology
HARN,6.09,0.12,1.98,72.91,3.0,2026-05-07,0.12,5.77,0.32,6.32,5.41,2026-10-05T03:45:03.069967+00:00,12.0,0.12,1.32,-7.17,3.71,2.92,HARN ENGINEERING SOLUTIONS PUBLIC COMPANY LIMITED,mai,Industrial,
TKS,6.08,0.48,7.9,44.25,4.0,2026-08-19,0.12,4.19,1.89,8.97,5.68,2026-10-05T03:50:08.398165+00:00,23.0,0.48,4.316,18.29,2.71,-0.96,T.K.S. TECHNOLOGIES PUBLIC COMPANY LIMITED,SET,Services,Media & Publishing
FTREIT,6.06,0.778,12.8,79.79,3.0,2026-08-21,0.1955,6.81,-0.75,7.94,5.72,2026-10-05T03:44:45.235706+00:00,12.0,0.585,6.7082,-7.87,-3.64,-1.44,FRASERS PROPERTY THAILAND INDUSTRIAL FREEHOLD & LEASEHOLD REIT,SET,Property & Construction,Property Fund & REITs
AYUD,6.05,2.57,42.5,30.82,5.0,2026-08-26,0.9,5.64,0.41,7.67,5.68,2026-10-05T03:42:52.328229+00:00,19.0,2.57,20.82,0.0,-15.34,3.92,ALLIANZ AYUDHYA CAPITAL PUBLIC COMPANY LIMITED,SET,Financials,Insurance
HTC,6.03,0.99,15.1,73.07,3.0,2026-09-09,0.37,5.82,0.21,6.78,5.86,2026-10-05T03:45:09.080869+00:00,18.0,0.91,8.01,-4.35,3.81,9.57,HAAD THIP PUBLIC COMPANY LIMITED,SET,Agro & Food Industry,Food & Beverage
MBK,6.0,1.2,19.5,38.87,5.0,2026-09-16,0.6,3.58,2.42,7.36,4.9,2026-10-05T03:46:18.433176+00:00,5.0,1.2,7.49,12.18,24.57,6.16,MBK PUBLIC COMPANY LIMITED,SET,Property & Construction,Property Development
TTW,6.0,0.3,10.0,77.06,3.0,2026-09-09,0.3,6.33,-0.33,3.37,2.8,2026-10-05T03:50:48.401197+00:00,19.0,0.6,6.284,0.0,0.0,-3.8,TTW PUBLIC COMPANY LIMITED,SET,Resources,Energy & Utilities
DCC,5.93,0.065,1.35,74.63,3.0,2026-08-17,0.02,4.9,1.03,5.75,4.3,2026-10-05T03:44:13.274712+00:00,25.0,0.05,1.0904,-11.45,-20.76,-9.85,DYNASTY CERAMIC PUBLIC COMPANY LIMITED,SET,Property & Construction,Construction Materials
KCC,5.92,0.083,2.52,13.26,5.0,2026-08-27,0.065,1.07,4.85,5.16,2.52,2026-10-05T03:45:43.974039+00:00,5.0,0.1481,0.3063,39.72,31.34,,Knight Club Capital Holding Public Company Limited,mai,Financials,
AKR,5.91,0.065,1.11,68.98,3.0,2026-05-08,0.065,6.28,-0.37,8.02,5.65,2026-10-05T03:42:23.790158+00:00,5.0,0.065,0.56,0.0,7.63,2.66,EKARAT ENGINEERING PUBLIC COMPANY LIMITED,SET,Industrials,Industrial Materials & Machinery
PREB,5.88,0.2,3.38,29.65,5.0,2026-04-30,0.2,6.0,-0.12,6.06,4.88,2026-10-05T03:47:44.448906+00:00,18.0,0.2,6.5,-20.63,-12.94,-20.57,PRE-BUILT PUBLIC COMPANY LIMITED,SET,Property & Construction,Construction Services
SISB,5.86,0.51,8.65,52.78,4.0,2026-03-06,0.51,0.86,5.0,6.0,3.7,2026-10-05T03:48:52.719421+00:00,7.0,0.51,1.676,18.05,38.52,,SISB PUBLIC COMPANY LIMITED,SET,Services,Professional Services
TKN,5.81,0.27,4.86,78.13,3.0,2026-08-27,0.14,3.48,2.33,7.38,4.7,2026-10-05T03:50:07.787012+00:00,11.0,0.27,3.237,-15.66,0.76,-5.39,TAOKAENOI FOOD & MARKETING PUBLIC COMPANY LIMITED,SET,Agro & Food Industry,Food & Beverage
IFS,5.78,0.104,1.8,45.22,4.0,2026-03-04,0.104,5.91,-0.13,5.88,4.16,2026-10-05T03:45:14.398981+00:00,16.0,0.104,1.5335,-14.77,-8.02,0.88,IFS CAPITAL (THAILAND) PUBLIC COMPANY LIMITED,SET,Financials,Finance & Securities
PRM,5.78,0.45,8.6,52.4,4.0,2026-08-27,0.2,5.14,0.64,7.38,4.29,2026-10-05T03:47:48.361958+00:00,9.0,0.45,2.83,-3.45,10.76,,PRIMA MARINE PUBLIC COMPANY LIMITED,SET,Services,Transportation & Logistics
LHFG,5.74,0.07,1.21,38.46,5.0,2026-09-04,0.02,2.02,3.72,9.46,5.26,2026-10-05T03:46:04.978984+00:00,15.0,0.07,0.5,32.64,47.58,-1.33,LH FINANCIAL GROUP PUBLIC COMPANY LIMITED,SET,Financials,Banking
AH,5.7,0.86,15.1,32.08,5.0,2026-08-27,0.38,4.83,0.87,7.35,5.12,2026-10-05T03:42:16.935104+00:00,6.0,0.86,9.6118,-11.72,-3.91,5.96,AAPICO HITECH PUBLIC COMPANY LIMITED,SET,Industrials,Automotive
YUASA,5.67,0.902,15.7,38.8,5.0,2026-04-20,0.9023,3.15,2.52,8.2,5.07,2026-10-05T03:51:29.143664+00:00,11.0,0.9023,4.0811,29.86,25.4,16.86,YUASA BATTERY (THAILAND) PUBLIC COMPANY LIMITED,mai,Industrial,
FSMART,5.67,0.38,6.7,52.62,4.0,2026-08-27,0.18,3.83,1.84,6.91,4.15,2026-10-05T03:44:43.685746+00:00,12.0,0.38,4.9,-2.5,-1.02,-2.71,FORTH SMART SERVICE PUBLIC COMPANY LIMITED,mai,Services,
JCT,5.66,4.8,84.75,51.78,4.0,2026-03-10,4.8,5.02,0.64,6.08,5.33,2026-10-05T03:45:33.893885+00:00,23.0,4.8,41.05,4.14,6.52,1.84,JACK CHIA INDUSTRIES (THAILAND) PUBLIC COMPANY LIMITED,SET,Consumer Products,Personal Products & Pharmaceuticals
SITHAI,5.61,0.06,1.07,43.57,4.0,2026-08-25,0.02,3.68,1.93,6.19,4.92,2026-10-05T03:48:53.322576+00:00,5.0,0.06,0.67,0.0,14.87,-4.98,SRITHAI SUPERWARE PUBLIC COMPANY LIMITED,SET,Industrials,Packaging
KYE,5.61,16.0,285.0,62.17,3.0,2026-08-03,16.0,3.16,2.45,5.88,4.91,2026-10-05T03:46:00.379665+00:00,27.0,16.0,168.51,-18.77,13.35,-6.2,KANG YONG ELECTRIC PUBLIC COMPANY LIMITED,SET,Consumer Products,Home & Office Products
SAPPE,5.6,1.75,31.5,79.52,3.0,2026-04-29,1.75,3.11,2.49,6.14,4.49,2026-10-05T03:48:24.500856+00:00,12.0,1.75,12.67,-7.06,9.73,12.48,SAPPE PUBLIC COMPANY LIMITED,SET,Agro & Food Industry,Food & Beverage
OSP,5.59,0.85,16.1,66.13,3.0,2026-08-27,0.45,3.95,1.64,6.2,4.5,2026-10-05T03:47:14.018553+00:00,8.0,0.85,9.09,4.26,-5.03,,OSOTSPA PUBLIC COMPANY LIMITED,SET,Agro & Food Industry,Food & Beverage
SUSCO,5.56,0.09,2.34,38.12,5.0,2026-09-10,0.1,5.85,-0.29,4.5,3.38,2026-10-05T03:49:31.561423+00:00,18.0,0.13,1.89,-22.57,-9.99,4.97,SUSCO PUBLIC COMPANY LIMITED,SET,Resources,Energy & Utilities
LPH,5.56,0.2,3.6,69.46,3.0,2026-08-27,0.05,4.32,1.24,5.75,5.03,2026-10-05T03:46:08.485320+00:00,11.0,0.15,1.985,-4.09,-9.71,-6.7,LADPRAO GENERAL HOSPITAL PUBLIC COMPANY LIMITED,SET,Services,Health Care Services
SE,5.52,0.026,0.48,53.63,4.0,2026-03-11,0.026493,0.67,4.85,6.67,4.56,2026-10-05T03:48:37.185772+00:00,10.0,0.0265,0.2229,0.0,58.15,-2.5,SIAMEAST SOLUTIONS PUBLIC COMPANY LIMITED,SET,Industrials,Industrial Materials & Machinery
NTV,5.5,1.04,18.8,73.77,3.0,2026-03-19,1.04,2.98,2.52,5.68,4.16,2026-10-05T03:47:05.128774+00:00,27.0,1.04,12.03,-10.69,11.63,-1.34,NONTHAVEJ HOSPITAL PUBLIC COMPANY LIMITED,SET,Services,Health Care Services
TTB,5.47,0.149,2.94,55.83,4.0,2026-09-07,0.081,4.91,0.56,8.28,4.69,2026-10-05T03:50:44.149143+00:00,16.0,0.149,0.8198,7.48,20.77,10.51,TMBTHANACHART BANK PUBLIC COMPANY LIMITED,SET,Financials,Banking
RCL,5.46,2.0,46.75,26.73,5.0,2026-08-21,0.5,8.23,-2.77,8.1,3.83,2026-10-05T03:48:07.068664+00:00,6.0,2.0,21.0,10.06,-22.16,7.18,REGIONAL CONTAINER LINES PUBLIC COMPANY LIMITED,SET,Services,Transportation & Logistics
SUC,5.45,1.5,27.5,38.17,5.0,2026-03-31,1.5,5.06,0.39,5.61,5.0,2026-10-05T03:49:30.190278+00:00,7.0,1.5,16.1,0.0,0.0,0.0,SAHA-UNION PUBLIC COMPANY LIMITED,SET,Consumer Products,Fashion
PJW,5.45,0.11,2.02,50.69,4.0,2026-05-08,0.11,2.7,2.75,5.56,4.66,2026-10-05T03:47:30.086915+00:00,8.0,0.11,1.0058,-2.86,6.93,1.45,PANJAWATTANA PLASTIC PUBLIC COMPANY LIMITED,SET,Industrials,Packaging
THANI,5.45,0.17,2.02,52.82,4.0,2026-10-07,0.06,2.7,2.75,10.97,6.97,2026-10-05T03:49:56.454336+00:00,23.0,0.11,1.1417,76.52,-6.57,1.91,RATCHTHANI LEASING PUBLIC COMPANY LIMITED,SET,Financials,Finance & Securities
BBL,5.39,8.0,185.5,45.42,4.0,2026-09-09,2.0,3.63,1.76,5.41,3.92,2026-10-05T03:42:59.447316+00:00,23.0,10.0,62.5,12.62,20.11,4.4,BANGKOK BANK PUBLIC COMPANY LIMITED,SET,Financials,Banking
CSS,5.38,0.05,0.93,50.0,4.0,2026-08-25,0.03,4.32,1.06,6.76,4.42,2026-10-05T03:44:09.569757+00:00,14.0,0.05,0.84,35.72,-18.61,-12.02,COMMUNICATION AND SYSTEM SOLUTION PUBLIC COMPANY LIMITED,SET,Services,Commerce
STP,5.36,0.72,11.3,39.43,5.0,2026-08-24,0.3,3.3,2.06,7.54,5.71,2026-10-05T03:49:27.964162+00:00,5.0,0.72,2.42,12.92,29.2,,SAHATHAI PRINTING & PACKAGING PUBLIC COMPANY LIMITED,mai,Industrial,
ASEFA,5.34,0.35,6.65,48.11,4.0,2026-05-07,0.35,5.18,0.16,10.94,5.15,2026-10-05T03:42:42.131205+00:00,11.0,0.35,2.53,22.59,9.73,0.9,ASEFA PUBLIC COMPANY LIMITED,SET,Industrials,Industrial Materials & Machinery
RJH,5.33,0.8,15.0,47.34,4.0,2026-08-26,0.45,5.26,0.07,7.21,4.85,2026-10-05T03:48:08.192696+00:00,11.0,0.8,11.7,2.17,-23.23,7.18,RAJTHANEE HOSPITAL PUBLIC COMPANY LIMITED,SET,Services,Health Care Services
SEAOIL,5.23,0.1,3.44,40.62,4.0,2026-03-11,0.1,0.41,4.82,3.79,2.36,2026-10-05T03:48:39.428841+00:00,7.0,0.1,0.682,-30.66,70.48,27.92,SEA OIL PUBLIC COMPANY LIMITED,SET,Resources,Energy & Utilities
KTC,5.21,1.77,34.0,54.31,4.0,2026-04-10,1.77,2.46,2.75,7.25,4.29,2026-10-05T03:45:55.220492+00:00,14.0,1.77,10.02,11.7,12.1,16.04,KRUNGTHAI CARD PUBLIC COMPANY LIMITED,SET,Financials,Finance & Securities
ATP30,5.19,0.04,0.77,65.49,3.0,2026-04-07,0.04,2.38,2.81,5.26,4.17,2026-10-05T03:42:48.932144+00:00,11.0,0.04,0.302,25.99,5.92,12.81,ATP30 PUBLIC COMPANY LIMITED,mai,Services,
PIN,5.17,0.216,4.18,45.0,4.0,2026-05-07,0.216,5.59,-0.42,5.4,4.19,2026-10-05T03:47:29.195402+00:00,5.0,0.216,1.866,-28.46,7.57,,PINTHONG INDUSTRIAL PARK PUBLIC COMPANY LIMITED,SET,Property & Construction,Property Development
TOA,5.14,0.77,14.8,46.03,4.0,2026-08-27,0.38,2.54,2.6,6.7,4.58,2026-10-05T03:50:20.779988+00:00,9.0,0.77,4.97,4.23,11.84,,TOA PAINT (THAILAND) PUBLIC COMPANY LIMITED,SET,Property & Construction,Construction Materials
SYNEX,5.13,0.48,9.35,49.11,4.0,2026-08-19,0.1,3.56,1.57,5.61,4.03,2026-10-05T03:49:36.971567+00:00,18.0,0.48,4.9991,10.06,-7.27,1.84,SYNNEX (THAILAND) PUBLIC COMPANY LIMITED,SET,Technology,Information & Communication Technology
KBANK,5.08,12.0,236.0,55.66,4.0,2026-09-09,2.0,3.33,1.75,7.29,4.6,2026-10-05T03:45:40.972394+00:00,22.0,14.0,60.75,23.13,33.92,13.35,KASIKORNBANK PUBLIC COMPANY LIMITED,SET,Financials,Banking
KTB,5.08,2.12,42.0,57.93,4.0,2026-09-22,0.48,3.6,1.48,8.72,4.61,2026-10-05T03:45:54.628619+00:00,24.0,2.72,9.879,46.34,45.44,12.2,KRUNG THAI BANK PUBLIC COMPANY LIMITED,SET,Financials,Banking
SIS,5.06,1.22,24.1,42.51,4.0,2026-03-06,1.22,4.4,0.66,6.67,4.44,2026-10-05T03:48:52.163020+00:00,13.0,1.22,8.74,5.13,0.33,11.8,SIS DISTRIBUTION (THAILAND) PUBLIC COMPANY LIMITED,SET,Technology,Information & Communication Technology
MEGA,5.04,1.65,33.75,63.99,3.0,2026-08-26,0.85,3.78,1.26,5.95,4.12,2026-10-05T03:46:24.595794+00:00,13.0,1.65,11.9,1.03,0.49,11.82,MEGA LIFESCIENCES PUBLIC COMPANY LIMITED,SET,Services,Commerce
UPOIC,5.0,0.34,6.8,46.91,4.0,2026-03-10,0.34,5.23,-0.23,5.62,4.15,2026-10-05T03:51:02.772614+00:00,27.0,0.34,2.475,4.26,-7.42,8.53,UNITED PALM OIL INDUSTRY PUBLIC COMPANY LIMITED,SET,Agro & Food Industry,Agribusiness
